-- phpMyAdmin SQL Dump
-- version 5.0.2
-- https://www.phpmyadmin.net/
--
-- Hôte : 127.0.0.1:3306
-- Généré le : sam. 30 jan. 2021 à 01:05
-- Version du serveur :  8.0.21
-- Version de PHP : 7.3.21

SET SQL_MODE = "NO_AUTO_VALUE_ON_ZERO";
START TRANSACTION;
SET time_zone = "+00:00";


/*!40101 SET @OLD_CHARACTER_SET_CLIENT=@@CHARACTER_SET_CLIENT */;
/*!40101 SET @OLD_CHARACTER_SET_RESULTS=@@CHARACTER_SET_RESULTS */;
/*!40101 SET @OLD_COLLATION_CONNECTION=@@COLLATION_CONNECTION */;
/*!40101 SET NAMES utf8mb4 */;

--
-- Base de données : `integral`
--

-- --------------------------------------------------------

--
-- Structure de la table `clients`
--

DROP TABLE IF EXISTS `clients`;
CREATE TABLE IF NOT EXISTS `clients` (
  `id` int NOT NULL AUTO_INCREMENT,
  `NomSociete` varchar(255) NOT NULL,
  `CodeClient` varchar(255) NOT NULL,
  `NIF` varchar(255) NOT NULL,
  `commercial` varchar(255) NOT NULL,
  `Activite1` text NOT NULL,
  `Activite2` text NOT NULL,
  `Adresse` text NOT NULL,
  `CodePostal` int NOT NULL,
  `Ville` varchar(255) NOT NULL,
  `Wilaya` varchar(255) NOT NULL,
  `Pays` varchar(255) NOT NULL,
  `TelFixe` varchar(255) NOT NULL,
  `NomResp1` varchar(255) NOT NULL,
  `EmailResp1` varchar(255) NOT NULL,
  `PortableResp1` varchar(255) NOT NULL,
  `NomResp2` varchar(255) NOT NULL,
  `EmailResp2` varchar(255) NOT NULL,
  `PortableResp2` varchar(255) NOT NULL,
  PRIMARY KEY (`id`)
) ENGINE=MyISAM AUTO_INCREMENT=13 DEFAULT CHARSET=utf8;

--
-- Déchargement des données de la table `clients`
--

INSERT INTO `clients` (`id`, `NomSociete`, `CodeClient`, `NIF`, `commercial`, `Activite1`, `Activite2`, `Adresse`, `CodePostal`, `Ville`, `Wilaya`, `Pays`, `TelFixe`, `NomResp1`, `EmailResp1`, `PortableResp1`, `NomResp2`, `EmailResp2`, `PortableResp2`) VALUES
(1, 'INTERMAT', 'CG97A', '', '', '', '', '3 CHEMIN DES REMISES', 60410, 'VERBERIE', 'Guelma', 'ALGERIE', '', '', '', '', '', '', ''),
(4, 'Youn\'s', 'TE25E', '', '', 'Develeppement', '', '31 domaine des roches', 91140, 'Villebon', 'Oran', 'Algérie', '0160109660', 'Benreguieg', 'younes.benreg@gmail.com', '0665580165', '', '', ''),
(6, 'Integral', 'AR14F', '4h64fghr1tb785', '', 'fournisseur', '', '31 domaine des roches', 91140, 'oran', 'oran', 'Algérie', '065554584', 'haddad', 'azeddine@integral.fr', '', '', '', ''),
(9, 'SAMARA', 'AI33V', '666555777888333', '', 'Exploitation Carrière', 'Travaux Publics', 'RUE DE LA LIBERATION', 19000, 'SETIF', 'SETIF', 'Algérie', '213677889966', 'DJAMEL', 'nouari@samara.com', '213566778899', '', '', ''),
(10, 'RANAFOR', 'RW38R', '777888999555', '', 'Travaux Publics', 'Bâtiment', 'RUE 5 JUILLET', 18000, 'JIJEL', 'JIJEL', 'Algérie', '213578787878', 'MADANI', 'madani@ranafor.dz', '21345678919', '', '', ''),
(11, 'BATNIA', 'YC05R', '555666777888999', '', 'Exploitation Carrière', '', 'RUE DE L\'INDEPENDANCE', 5000, 'BATNA', 'BATNA', 'Algérie', '213678787878', 'BELHAMRI', 'belhamri@batnia.com', '213789898989', '', '', ''),
(12, 'TRAVOXA', 'FH56C', '123456789123456', '', 'Travaux Publics', 'Exploitation Carrière', 'RUE 5 JUILLET', 19000, 'SETIF', 'SETIF', 'Algérie', '213566556677', 'LAIDI', 'saidlaid@orange.fr', '213667788', '', '', '');

-- --------------------------------------------------------

--
-- Structure de la table `comptes`
--

DROP TABLE IF EXISTS `comptes`;
CREATE TABLE IF NOT EXISTS `comptes` (
  `id` int NOT NULL AUTO_INCREMENT,
  `Statut` varchar(255) NOT NULL,
  `nom` varchar(255) NOT NULL,
  `prenom` varchar(255) NOT NULL,
  `mobile` varchar(255) NOT NULL,
  `email` varchar(255) NOT NULL,
  `Secteur` varchar(255) NOT NULL,
  `mdp` varchar(255) NOT NULL,
  PRIMARY KEY (`id`)
) ENGINE=MyISAM AUTO_INCREMENT=9 DEFAULT CHARSET=utf8;

--
-- Déchargement des données de la table `comptes`
--

INSERT INTO `comptes` (`id`, `Statut`, `nom`, `prenom`, `mobile`, `email`, `Secteur`, `mdp`) VALUES
(1, 'admin', 'HADDAD', 'Azeddine', '', 'Azeddine@integral.fr', '', '$2y$10$qkzROIBJaNQE3OazH0/ZmOw.bSKK6joyORMhUZakqtWy7hgWNRZEW'),
(2, 'user', 'GHEZALI', 'Ali', '', 'Ali@integral.fr', '', '$2y$10$mG3xFAzc/WY0SiPbYrcs1.ow3OqyqXqa5IrLJ2zghRqVCAe4240mO'),
(3, 'user', 'ATTAFI', 'Zitouni', '', 'Zitouni@integral.fr', '', '$2y$10$mG3xFAzc/WY0SiPbYrcs1.ow3OqyqXqa5IrLJ2zghRqVCAe4240mO'),
(4, 'user', 'SABER', 'Moumen', '', 'Moumen@integral.fr', '', '$2y$10$mG3xFAzc/WY0SiPbYrcs1.ow3OqyqXqa5IrLJ2zghRqVCAe4240mO'),
(5, 'user', 'MSERHED', 'Houcine', '', 'Houcine@integral.fr', '', '$2y$10$mG3xFAzc/WY0SiPbYrcs1.ow3OqyqXqa5IrLJ2zghRqVCAe4240mO'),
(6, 'user', 'BEN YAHIA', 'Diaa', '', 'Diaa@integral.fr', '', '$2y$10$mG3xFAzc/WY0SiPbYrcs1.ow3OqyqXqa5IrLJ2zghRqVCAe4240mO'),
(7, 'user', 'MAHORBACHA', 'Abdelkrim', '', 'Abdelkrim@integral.fr', '', '$2y$10$mG3xFAzc/WY0SiPbYrcs1.ow3OqyqXqa5IrLJ2zghRqVCAe4240mO'),
(8, 'user', 'DJALAB', 'Rachid', '', 'Rachid@integral.fr', '', '$2y$10$mG3xFAzc/WY0SiPbYrcs1.ow3OqyqXqa5IrLJ2zghRqVCAe4240mO');

-- --------------------------------------------------------

--
-- Structure de la table `connexions`
--

DROP TABLE IF EXISTS `connexions`;
CREATE TABLE IF NOT EXISTS `connexions` (
  `id` int NOT NULL AUTO_INCREMENT,
  `ip` varchar(255) NOT NULL,
  `connexion` tinyint(1) NOT NULL COMMENT 'connexion réussit ou non',
  `admin` tinyint(1) NOT NULL,
  `mail` varchar(255) NOT NULL,
  `coordonees` varchar(255) NOT NULL,
  `date` varchar(255) NOT NULL,
  `heure` varchar(255) NOT NULL,
  PRIMARY KEY (`id`)
) ENGINE=InnoDB AUTO_INCREMENT=129 DEFAULT CHARSET=latin1;

--
-- Déchargement des données de la table `connexions`
--

INSERT INTO `connexions` (`id`, `ip`, `connexion`, `admin`, `mail`, `coordonees`, `date`, `heure`) VALUES
(1, '5', 0, 0, 'rue', '$coords', 'date', 'heure '),
(2, '5', 0, 0, 'rue', '$coords', 'date', 'heure '),
(3, '5', 0, 0, 'rue', '$coords', 'date', 'heure '),
(4, '80.214.119.164', 0, 0, 'Azeddine@integral.fr', '$coords', '2020-12-20', '05:16:24'),
(5, '80.214.119.164', 1, 1, 'Azeddine@integral.fr', '$coords', '20-12-2020', '05:17:37'),
(6, '80.214.119.164', 0, 1, 'Azeddine@integral.fr', '0', '20-12-2020', '05:20:48'),
(7, '80.214.119.164', 0, 1, 'Azeddine@integral.fr', '0', '20-12-2020', '05:27:49'),
(8, '80.214.119.164', 0, 0, 'dqfs@fzefez', '0', '20-12-2020', '05:30:34'),
(9, '80.214.119.164', 0, 0, 'dkauhnde@feifbez', '0', '20-12-2020', '05:32:33'),
(10, '80.214.119.164', 0, 0, 'dkauhnde@feifbez', '0', '20-12-2020', '05:32:44'),
(11, '80.214.119.164', 0, 1, 'azeddine@integral.fr', '0', '20-12-2020', '05:33:46'),
(12, '80.214.119.164', 1, 1, 'Azeddine@integral.fr', '0', '20-12-2020', '05:33:57'),
(13, '80.214.66.4', 1, 1, 'Azeddine@integral.fr', '0', '20-12-2020', '06:26:00'),
(14, '46.105.192.3', 1, 1, 'Azeddine@integral.fr', '0', '20-12-2020', '08:54:15'),
(15, '46.105.192.12', 1, 1, 'Azeddine@integral.fr', '0', '20-12-2020', '09:12:11'),
(16, '46.105.192.1', 1, 1, 'Azeddine@integral.fr', '0', '20-12-2020', '15:43:45'),
(17, '46.105.192.9', 1, 1, 'Azeddine@integral.fr', '0', '20-12-2020', '15:44:39'),
(18, '46.105.192.7', 1, 1, 'Azeddine@integral.fr', '0', '20-12-2020', '15:46:32'),
(19, '46.105.192.7', 1, 1, 'Azeddine@integral.fr', '0', '20-12-2020', '15:46:50'),
(20, '46.105.192.10', 1, 1, 'Azeddine@integral.fr', '0', '20-12-2020', '15:48:31'),
(21, '46.105.192.11', 1, 1, 'Azeddine@integral.fr', '0', '20-12-2020', '17:26:01'),
(22, '46.105.192.10', 1, 1, 'Azeddine@integral.fr', '0', '20-12-2020', '17:32:56'),
(23, '82.225.81.138', 0, 1, 'azeddine@integral.fr', '0', '20-12-2020', '20:06:37'),
(24, '82.225.81.138', 1, 1, 'Azeddine@integral.fr', '0', '20-12-2020', '20:06:54'),
(25, '82.225.81.138', 1, 1, 'Azeddine@integral.fr', '0', '21-12-2020', '01:20:30'),
(26, '82.225.81.138', 1, 1, 'Azeddine@integral.fr', '0', '21-12-2020', '02:01:59'),
(27, '82.225.81.138', 1, 1, 'Azeddine@integral.fr', '0', '21-12-2020', '03:29:12'),
(28, '82.225.81.138', 1, 1, 'Azeddine@integral.fr', '0', '21-12-2020', '03:32:14'),
(29, '82.225.81.138', 1, 1, 'Azeddine@integral.fr', '0', '21-12-2020', '17:39:49'),
(30, '82.225.81.138', 1, 1, 'Azeddine@integral.fr', '0', '21-12-2020', '22:51:42'),
(31, '46.105.192.2', 1, 1, 'Azeddine@integral.fr', '0', '22-12-2020', '08:05:19'),
(32, '46.105.192.3', 1, 1, 'Azeddine@integral.fr', '0', '22-12-2020', '08:05:40'),
(33, '46.105.192.8', 1, 1, 'Azeddine@integral.fr', '0', '22-12-2020', '18:59:22'),
(34, '46.105.192.6', 1, 1, 'Azeddine@integral.fr', '0', '22-12-2020', '19:41:38'),
(35, '46.105.192.3', 1, 1, 'Azeddine@integral.fr', '0', '22-12-2020', '19:42:01'),
(36, '46.105.192.12', 1, 1, 'Azeddine@integral.fr', '0', '22-12-2020', '22:47:41'),
(37, '46.105.192.1', 1, 1, 'Azeddine@integral.fr', '0', '22-12-2020', '22:47:55'),
(38, '82.225.81.138', 1, 1, 'Azeddine@integral.fr', '0', '22-12-2020', '23:09:36'),
(39, '46.105.192.11', 1, 1, 'Azeddine@integral.fr', '0', '23-12-2020', '07:45:51'),
(40, '46.105.192.12', 1, 1, 'Azeddine@integral.fr', '0', '23-12-2020', '07:46:07'),
(41, '46.105.192.7', 1, 1, 'Azeddine@integral.fr', '0', '23-12-2020', '08:07:20'),
(42, '46.105.192.3', 1, 1, 'Azeddine@integral.fr', '0', '23-12-2020', '08:08:06'),
(43, '46.105.192.8', 1, 1, 'Azeddine@integral.fr', '0', '23-12-2020', '08:14:26'),
(44, '46.105.192.2', 1, 1, 'Azeddine@integral.fr', '0', '23-12-2020', '08:14:42'),
(45, '46.105.192.9', 1, 1, 'Azeddine@integral.fr', '0', '23-12-2020', '08:19:11'),
(46, '82.225.81.138', 1, 1, 'Azeddine@integral.fr', '0', '23-12-2020', '21:55:12'),
(47, '82.225.81.138', 1, 1, 'Azeddine@integral.fr', '0', '24-12-2020', '00:16:53'),
(48, '82.225.81.138', 1, 1, 'Azeddine@integral.fr', '0', '24-12-2020', '00:29:15'),
(49, '82.225.81.138', 1, 1, 'Azeddine@integral.fr', '0', '24-12-2020', '00:58:54'),
(50, '82.225.81.138', 1, 1, 'Azeddine@integral.fr', '0', '24-12-2020', '01:22:21'),
(51, '82.225.81.138', 1, 1, 'Azeddine@integral.fr', '0', '24-12-2020', '01:44:00'),
(52, '46.105.192.10', 1, 1, 'Azeddine@integral.fr', '0', '24-12-2020', '07:48:55'),
(53, '46.105.192.6', 1, 1, 'Azeddine@integral.fr', '0', '24-12-2020', '07:49:28'),
(54, '46.105.192.6', 1, 1, 'Azeddine@integral.fr', '0', '24-12-2020', '07:50:31'),
(55, '46.105.192.7', 1, 1, 'Azeddine@integral.fr', '0', '24-12-2020', '07:50:44'),
(56, '46.105.192.3', 1, 1, 'Azeddine@integral.fr', '0', '24-12-2020', '14:35:32'),
(57, '46.105.192.7', 1, 1, 'Azeddine@integral.fr', '0', '24-12-2020', '14:35:57'),
(58, '46.105.192.12', 1, 1, 'Azeddine@integral.fr', '0', '24-12-2020', '14:36:11'),
(59, '82.225.81.138', 1, 1, 'Azeddine@integral.fr', '0', '24-12-2020', '18:05:02'),
(60, '82.225.81.138', 1, 1, 'Azeddine@integral.fr', '0', '24-12-2020', '18:29:13'),
(61, '80.215.6.198', 1, 1, 'Azeddine@integral.fr', '0', '24-12-2020', '18:31:50'),
(62, '46.105.192.8', 1, 1, 'Azeddine@integral.fr', '0', '26-12-2020', '09:10:12'),
(63, '46.105.192.7', 1, 1, 'Azeddine@integral.fr', '0', '26-12-2020', '09:10:32'),
(64, '46.105.192.10', 1, 1, 'Azeddine@integral.fr', '0', '26-12-2020', '09:40:04'),
(65, '46.105.192.4', 1, 1, 'Azeddine@integral.fr', '0', '26-12-2020', '12:39:30'),
(66, '46.105.192.3', 1, 1, 'Azeddine@integral.fr', '0', '26-12-2020', '12:39:42'),
(67, '46.105.192.7', 1, 1, 'Azeddine@integral.fr', '0', '26-12-2020', '18:46:48'),
(68, '46.105.192.7', 1, 1, 'Azeddine@integral.fr', '0', '26-12-2020', '18:47:59'),
(69, '46.105.192.1', 1, 1, 'Azeddine@integral.fr', '0', '26-12-2020', '18:48:28'),
(70, '46.105.192.7', 1, 1, 'Azeddine@integral.fr', '0', '26-12-2020', '18:48:46'),
(71, '46.105.192.7', 1, 1, 'Azeddine@integral.fr', '0', '26-12-2020', '18:49:21'),
(72, '46.105.192.11', 1, 1, 'Azeddine@integral.fr', '0', '27-12-2020', '09:56:05'),
(73, '46.105.192.1', 1, 1, 'Azeddine@integral.fr', '0', '27-12-2020', '09:58:44'),
(74, '46.105.192.5', 1, 1, 'Azeddine@integral.fr', '0', '27-12-2020', '12:41:29'),
(75, '46.105.192.11', 1, 1, 'Azeddine@integral.fr', '0', '27-12-2020', '12:41:49'),
(76, '46.105.192.7', 1, 1, 'Azeddine@integral.fr', '0', '27-12-2020', '12:42:18'),
(77, '46.105.192.5', 1, 1, 'Azeddine@integral.fr', '0', '27-12-2020', '12:43:10'),
(78, '46.105.192.10', 1, 1, 'Azeddine@integral.fr', '0', '27-12-2020', '12:45:15'),
(79, '46.105.192.3', 1, 1, 'Azeddine@integral.fr', '0', '27-12-2020', '21:32:02'),
(80, '46.105.192.7', 1, 1, 'Azeddine@integral.fr', '0', '27-12-2020', '21:32:41'),
(81, '46.105.192.5', 1, 1, 'Azeddine@integral.fr', '0', '27-12-2020', '21:33:02'),
(82, '46.105.192.10', 1, 1, 'Azeddine@integral.fr', '0', '28-12-2020', '17:47:48'),
(83, '46.105.192.9', 1, 1, 'Azeddine@integral.fr', '0', '28-12-2020', '17:48:09'),
(84, '46.105.192.6', 1, 1, 'Azeddine@integral.fr', '0', '28-12-2020', '17:51:11'),
(85, '82.238.218.203', 1, 1, 'Azeddine@integral.fr', '0', '28-12-2020', '18:53:22'),
(86, '78.244.236.86', 1, 1, 'Azeddine@integral.fr', '0', '28-12-2020', '19:02:06'),
(87, '78.244.236.86', 1, 1, 'Azeddine@integral.fr', '0', '28-12-2020', '19:03:07'),
(88, '82.238.218.203', 1, 1, 'Azeddine@integral.fr', '0', '28-12-2020', '19:04:41'),
(89, '82.238.218.203', 1, 1, 'Azeddine@integral.fr', '0', '28-12-2020', '19:21:10'),
(90, '78.244.236.86', 1, 1, 'Azeddine@integral.fr', '0', '28-12-2020', '21:19:41'),
(91, '78.244.236.86', 1, 1, 'Azeddine@integral.fr', '0', '28-12-2020', '21:20:26'),
(92, '46.105.192.10', 1, 1, 'Azeddine@integral.fr', '0', '03-01-2021', '12:02:36'),
(93, '78.244.236.86', 1, 1, 'Azeddine@integral.fr', '0', '03-01-2021', '12:04:17'),
(94, '82.238.218.203', 1, 1, 'Azeddine@integral.fr', '0', '04-01-2021', '19:58:45'),
(95, '82.238.218.203', 1, 1, 'Azeddine@integral.fr', '0', '05-01-2021', '03:24:14'),
(96, '82.238.218.203', 1, 1, 'Azeddine@integral.fr', '0', '05-01-2021', '03:52:50'),
(97, '78.244.236.86', 1, 1, 'Azeddine@integral.fr', '0', '05-01-2021', '18:58:27'),
(98, '82.238.218.203', 1, 1, 'Azeddine@integral.fr', '0', '05-01-2021', '19:01:15'),
(99, '82.238.218.203', 1, 1, 'Azeddine@integral.fr', '0', '05-01-2021', '23:48:03'),
(100, '78.244.236.86', 1, 1, 'Azeddine@integral.fr', '0', '06-01-2021', '08:04:17'),
(101, '78.244.236.86', 1, 1, 'Azeddine@integral.fr', '0', '06-01-2021', '19:15:37'),
(102, '86.208.47.69', 1, 1, 'Azeddine@integral.fr', '0', '07-01-2021', '10:04:32'),
(103, '82.238.218.203', 1, 1, 'Azeddine@integral.fr', '0', '07-01-2021', '18:59:13'),
(104, '82.238.218.203', 0, 1, 'AZEDDINE@INTEGRAL.fr', '0', '08-01-2021', '22:09:31'),
(105, '82.238.218.203', 1, 1, 'Azeddine@integral.fr', '0', '08-01-2021', '22:09:39'),
(106, '78.244.236.86', 1, 1, 'Azeddine@integral.fr', '0', '09-01-2021', '11:34:39'),
(107, '78.244.236.86', 1, 1, 'Azeddine@integral.fr', '0', '12-01-2021', '10:34:41'),
(108, '78.244.236.86', 1, 1, 'Azeddine@integral.fr', '0', '12-01-2021', '19:02:05'),
(109, '86.208.47.69', 1, 1, 'Azeddine@integral.fr', '0', '13-01-2021', '09:52:38'),
(110, '78.244.236.86', 1, 1, 'Azeddine@integral.fr', '0', '15-01-2021', '12:33:57'),
(111, '78.244.236.86', 1, 1, 'Azeddine@integral.fr', '0', '15-01-2021', '14:34:56'),
(112, '82.238.218.203', 1, 1, 'Azeddine@integral.fr', '0', '15-01-2021', '14:35:24'),
(113, '78.244.236.86', 1, 1, 'Azeddine@integral.fr', '0', '16-01-2021', '07:56:25'),
(114, '78.244.236.86', 1, 1, 'Azeddine@integral.fr', '0', '16-01-2021', '14:37:22'),
(115, '80.215.199.123', 1, 1, 'Azeddine@integral.fr', '0', '16-01-2021', '19:44:00'),
(116, '82.238.218.203', 1, 1, 'Azeddine@integral.fr', '0', '16-01-2021', '23:04:30'),
(117, '82.238.218.203', 1, 1, 'Azeddine@integral.fr', '0', '17-01-2021', '03:01:43'),
(118, '', 1, 1, 'Azeddine@integral.fr', '0', '17-01-2021', '03:07:00'),
(119, '', 0, 1, 'azeddine@integral.fr', '0', '17-01-2021', '03:07:28'),
(120, '', 1, 1, 'Azeddine@integral.fr', '0', '17-01-2021', '03:07:35'),
(121, '', 1, 1, 'Azeddine@integral.fr', '0', '17-01-2021', '03:57:22'),
(122, '', 0, 1, 'azeddine@integral.fr', '0', '17-01-2021', '18:37:54'),
(123, '', 1, 1, 'Azeddine@integral.fr', '0', '17-01-2021', '18:38:01'),
(124, '', 1, 1, 'Azeddine@integral.fr', '0', '18-01-2021', '21:31:55'),
(125, '', 1, 1, 'Azeddine@integral.fr', '0', '27-01-2021', '14:44:18'),
(126, '', 1, 1, 'Azeddine@integral.fr', '0', '27-01-2021', '14:45:25'),
(127, '', 1, 1, 'Azeddine@integral.fr', '0', '27-01-2021', '18:22:07'),
(128, '', 1, 1, 'Azeddine@integral.fr', '0', '29-01-2021', '00:36:19');

-- --------------------------------------------------------

--
-- Structure de la table `engins`
--

DROP TABLE IF EXISTS `engins`;
CREATE TABLE IF NOT EXISTS `engins` (
  `id` int NOT NULL AUTO_INCREMENT,
  `Categorie` varchar(255) DEFAULT NULL,
  `Marque` varchar(255) DEFAULT NULL,
  `Type` varchar(255) DEFAULT NULL,
  `Ref` varchar(255) NOT NULL,
  `Prix` decimal(65,2) NOT NULL,
  `prix_transport` decimal(65,2) NOT NULL,
  `Origine` varchar(255) NOT NULL,
  `Numero_serie` int DEFAULT NULL,
  `Annee_Fabrication` int DEFAULT NULL,
  `Type_Moteur` varchar(255) DEFAULT NULL,
  `Numero_Serie_Moteur` int DEFAULT NULL,
  `ConfBase` text,
  PRIMARY KEY (`id`)
) ENGINE=MyISAM AUTO_INCREMENT=87 DEFAULT CHARSET=utf8;

--
-- Déchargement des données de la table `engins`
--

INSERT INTO `engins` (`id`, `Categorie`, `Marque`, `Type`, `Ref`, `Prix`, `prix_transport`, `Origine`, `Numero_serie`, `Annee_Fabrication`, `Type_Moteur`, `Numero_Serie_Moteur`, `ConfBase`) VALUES
(2, 'Finisseurs', 'AMMANN', 'AFT 700', '', '45000.00', '3800.00', 'Allemagne', 0, 0, 'MOTEUR DEUTZ 6 CYLINDRES', 0, 'FINISSEUR SUR CHENILLES NEUF\r\nMARQUE : AMMANN    TYPE : AFT 700-2\r\nTABLE DE POSE : 3,00 m à 6,00 m\r\nExtensible à 9,00 m avec  des extensions mécaniques'),
(6, 'Compacteurs', 'AMMANN', 'AV 110X', 'AV110X', '88000.00', '3400.00', 'République Tchèque', 0, 0, 'CUMMINS 6 CYLINDRES', 0, 'COMPACTEUR TANDEM DOUBLE CYLINDRES\r\nMARQUE : AMMANN     TYPE : AV110X\r\nPOIDS : 11 TONNES   LARGEUR DE LA BILLE 1,64 mètres'),
(7, 'Compacteurs', 'AMMANN', 'AP240', 'AP240', '88000.00', '4000.00', 'République Tchèque', 0, 0, 'CUMMINS 6 CYLINDRES', 0, 'COMPACTEUR PNEUMATIQUE NEUF\r\nMARQUE : AMMANN    TYPE : AP240\r\nPOIDS : 16 TONNES   POSSIBLE JUSQU’À  24 TONNES\r\n'),
(8, 'Compacteurs', 'AMMANN', 'ASC150 D', 'ASC150', '76000.00', '4400.00', 'République Tchèque', 0, 0, 'MOTEUR DEUTZ 6 CYLINDRES', 0, 'COMPACTEUR MIXTE MONOCYLINDRIQUE NEUF\r\nMARQUE : AMMANN    TYPE : ASC 150 D\r\nPOIDS : 15 TONNES\r\n'),
(9, 'Minipelles', 'AMMANN', 'AMX 14', 'AMX14', '25000.00', '2500.00', 'Italie', 0, 0, 'KUBOTA D722 PUISSANCE 13,7 CV', 0, 'Minipelle sur chenilles en caoutchouc neuve\r\nMarque : AMMANN   Type : AMX14\r\nPoids opérationnel : 1255 KG  Profondeur d\'excavation : 2175 mm\r\nCircuit hydraulique pour brise roches\r\nArceau de protection\r\n\r\n\r\n'),
(10, 'Minipelles', 'AMMANN', 'AMX 18', 'AMX18', '32800.00', '2500.00', 'Italie', 0, 0, '', 0, 'Minipelle sur chenilles en caoutchouc neuve\r\nMarque : AMMANN   Type : AMX 18\r\nPoids opérationnel : 1810 Kg\r\nProfondeur d\'excavation : 2300 mm\r\nVitesse de translation : 0 ÷ 4.2 km/h\r\nMoteur : YANMAR 3TNV70  Puissance : 15,2 cV'),
(11, 'Minipelles', 'AMMANN', 'AMX 25', 'AMX25', '38823.00', '2500.00', 'Italie', 0, 0, 'YANMAR 3TNV76   ', 0, 'Minipelle sur chenilles en caoutchouc neuve\r\nMarque : AMMANN   Type : AMX 25\r\nPoids opérationnel : 2540 Kg   Profondeur d\'excavation : 2725 mm'),
(13, 'Minipelles', 'AMMANN', 'AMX 35', 'AMX35', '42800.00', '2700.00', 'Italie', 0, 0, 'KUBOTA D1703-M-DI', 0, 'Minipelle sur chenilles en caoutchouc neuve\r\nMarque : AMMANN    Type : AMX 35\r\nPoids opérationnel : 3500 KG    Profondeur d\'excavation : 3080 mm'),
(14, 'Concassage Mobile', 'POWERSCREEN', 'CHIEFTAIN 2100 X', '2100X', '175200.00', '13800.00', 'Royaume-Uni', 0, 0, 'CATERPILLAR C4.4 ATAAC (Tier 3 / Stage 3A) 4 cylinder diesel', 0, 'Cribleuse Mobile sur chenilles neuve\r\nMarque : POWERSCREEN    Type : CHIEFTAIN 2100X\r\n3 Etages de criblage '),
(15, 'Concassage Mobile', 'POWERSCREEN', 'CHIEFTAIN 1700', '1700', '165000.00', '12500.00', 'Royaume-Uni', 0, 0, 'CATERPILLAR  C4.4 ATAAC 83 kW (111 hp)', 0, 'Cribleuse Mobile sur chenilles neuve\r\nMarque : Powerscreen    Type : 1700\r\n2 Etages de criblage '),
(16, 'Concassage Mobile', 'POWERSCREEN', 'CHIEFTAIN 1400', '1400', '144000.00', '11800.00', 'Royaume-Uni', 0, 0, 'CATERPILLAR C4.4 ATAAC 83 kW (111 hp)', 0, 'Cribleuse Mobile sur chenilles neuve\r\nMarque : Powerscreen   Type : 1400\r\n3 Etages de criblage'),
(17, 'Concassage Mobile', 'POWERSCREEN', 'Premiertrak 400X', '400X', '285000.00', '16000.00', 'Royaume-Uni', 0, 0, 'CATERPILLAR C9 ACERT 194kW (260hp)', 0, 'Concasseur à mâchoire mobile neuf\r\nMarque : Powerscreen   Type : Premiertrak 400X\r\nCapacité de concassage jusqu\'à 400 T/h\r\nOuverture de la mâchoire : 1100 X 700 mm\r\nPoids : 45 260 Kg'),
(18, 'Concassage Mobile', 'POWERSCREEN', 'Premiertrak 300', 'PT300', '253000.00', '16000.00', 'Royaume-Uni', 0, 0, 'CATERPILLAR C9 202 kW (275 hp)', 0, 'Concasseur à mâchoire mobile sur chenilles neuf\r\nMarque : Powerscreen   Type : Premiertrak 300\r\nCapacité de concassage jusqu\'à 280 T/h\r\nOuverture de la mâchoire : 1000 X 600 mm\r\nPoids : 35 180 Kg'),
(19, 'Concassage Mobile', 'POWERSCREEN', 'Premiertrak 600', 'PT600', '482000.00', '26000.00', 'Royaume-Uni', 0, 0, 'CATERPILLAR C13 328 kW (440 hp)', 0, 'Concasseur à mâchoire mobile sur chenilles neuf\r\nMarque : Powerscreen   Type : Premiertrak 600\r\nCapacité de concassage jusqu\'à 600 T/h\r\nOuverture de la mâchoire : 1200 X 800 mm\r\nPoids : 68 875 Kg'),
(20, 'Concassage Mobile', 'POWERSCREEN', 'Trakpactor 290', 'TP290', '300000.00', '15800.00', 'Royaume-Uni', 0, 0, 'CATERPILLAR C4.4 ATAAC 83 kW (111 hp)', 0, 'Concasseur à percussion mobile sur chenilles neuf\r\nMarque : Powerscreen   Type : Trakpactor 290\r\nCapacité de concassage jusqu\'à 290 T/h\r\nDimensions de la chambre de concassage : \r\nPoids : 28 700 Kg'),
(21, 'Concassage Mobile', 'POWERSCREEN', 'Trakpactor 320', 'TP320', '330600.00', '16000.00', 'Royaume-Uni', 0, 0, 'CATERPILLAR C4.4 ATAAC 83 kW (111 hp) ???', 0, 'Concasseur à percussion mobile sur chenilles neuf\r\nMarque : Powerscreen   Type : 320\r\nCapacité de concassage jusqu\'à 320 T/h\r\nDimensions de la chambre de concassage 1130 mm X 800 mm\r\nPoids : 46 250 Kg'),
(22, 'Concassage Mobile', 'POWERSCREEN', 'Trakpactor 550', 'TP550', '438000.00', '26000.00', 'Royaume-Uni', 0, 0, 'CATERPILLAR C13 328 kW (440 hp)', 0, 'Concasseur à percussion mobile sur chenilles neuf\r\nMarque : Powerscreen   Type : Trakpactor 550\r\nCapacité de concassage jusqu\'à 600 T/h\r\nDimensions de la chambre de broyage : 1200 mm x 800 mm\r\nMoteur Caterpillar C13 Puissance 440 Cv\r\nPoids : 68 875 Kg'),
(23, 'Concassage Mobile', 'POWERSCREEN', '1000SR', '1000SR', '385000.00', '22000.00', 'Royaume-Uni', 0, 0, 'CATERPILLAR C9 ACERT 261kW (350hp)', 0, 'Concasseur à giratoire mobile sur chenilles neuf\r\nMarque : Powerscreen   Type : 1000SR\r\nEquipé d\'un crible embarqué de 2 Etages\r\nCapacité de concassage jusqu\'à 230 T/h\r\nMoteur Caterpillar C9 ACERT Puissance 350 Cv\r\nPoids 39 645 Kg'),
(24, 'Concassage Mobile', 'POWERSCREEN', '1150 Maxtrak', '1150', '368000.00', '22000.00', 'Royaume-Uni', 0, 0, 'CATERPILLAR C13 ACERT 328 kW (440 hp)', 0, 'Concasseur à giratoire mobile sur pneus neuf\r\nMarque : Powerscreen   Type : 1000 Maxtrak\r\nCapacité de concassage : 300 T/h\r\nPoids : 42 900 Kg'),
(25, 'Compacteurs', 'AMMANN', 'ART280', 'ART280', '104000.00', '5200.00', 'République Tchèque', 0, 0, 'CUMMINS QSB 3,3-C 99', 0, 'Compacteur Pneumatique neuf\r\nMarque : AMMANN   Type ART 280\r\nPoids sortie d\'usine : 16 Tonnes peut être lesté jusqu\'à 24 Tonnes\r\nMoteur Cummins QSB 3,3-C 99 Puissance 74 kW\r\n'),
(26, 'Compacteurs', 'AMMANN', 'AV 130 X', 'AV130', '92800.00', '4800.00', 'République Tchèque', 0, 0, 'CUMMINS QSB4.5-C130', 0, 'Compacteur Tandem double cylindres neuf\r\nMarque : AMMANN   Type : AV 130 X\r\nPoids en fonctionnement : 13 080 Kg\r\nMoteur Cummins QSB4.5-C130 Puissance 97 kW\r\nCabine avec Protection ROPS et chauffage.'),
(27, 'Compacteurs', 'AMMANN', 'ARX 90K', '90K', '88000.00', '4400.00', 'République Tchèque', 0, 0, 'DEUTZ TCD3.6 L4', 0, 'Compacteur Tandem Mixte neuf\r\nMarque : AMMANN   Type : ARX 90K\r\nBille acier en avant, 4 Pneus lisses en arrière\r\nPoids en fonctionnement : 9320 Kg\r\nCabine avec protection ROPS et chauffage.\r\nMoteur Deutz TCD3.6 L4 Puissance : 100 CV\r\n'),
(28, 'Compacteurs', 'AMMANN', 'AV 70 X', '70X', '72000.00', '3600.00', 'République Tchèque', 0, 0, 'CUMMINS BTAA 3.3 – C80', 0, 'Compacteur Tandem double cylindres neuf\r\nMarque : AMMANN   Type : AV 70X\r\nPoids en fonctionnement : 7360 Kg\r\nMoteur Cummins BTAA 3.3 – C80  Puissance 60 kW\r\nCabine avec protection ROPS chauffée.\r\n'),
(29, 'Compacteurs', 'AMMANN', 'ASC 100 T1', '100T1', '62000.00', '3800.00', 'République Tchèque', 0, 0, 'CUMMINS 4 BTA 3.9 – C116', 0, 'Compacteur Mixte neuf\r\nMarque : AMMANN   Type : ASC 100 T1\r\nPoids en fonctionnement 11 100 Kg\r\nMoteur Cummins Tier 1 modèle 4 BTA 3.9 – C116 Puissance 115 CV\r\nCabine Standard sans Rops / Chauffée et ventilée\r\n'),
(30, 'Compacteurs', 'AMMANN', 'ASC 130', 'ASC130', '88000.00', '4400.00', 'République Tchèque', 0, 0, 'CUMMINS QSB 4.5-C160', 0, 'Compacteur Mixte neuf\r\nMarque : AMMANN   Type : ASC 130\r\nPoids en fonctionnement : 12 620 Kg\r\nCabine avec protection ROPS chauffée et ventilée\r\nMoteur Cummins QSB 4.5-C160 Puissance 160 CV\r\nAnti patinage des roues arrières'),
(31, 'Compacteurs', 'AMMANN', 'ARS 200', '', '104000.00', '5200.00', 'République Tchèque', 0, 0, 'DEUTZ TCD 6.1 L6', 0, 'Compacteur Mixte neuf\r\nMarque : AMMANN   Type : ARS 200\r\nPoids en fonctionnement 19 750 Kg\r\nCabine avec protection ROPS chauffée et ventilée\r\nMoteur DEUTZ TCD 6.1 L6 Puissance 215 CV\r\nOuverture électrohydraulique de la cabine et du capot\r\nPneus profil Diamant'),
(32, 'Compacteurs', 'AMMANN', 'ARX 26-2', 'ARX26-2', '32000.00', '1600.00', 'République Tchèque', 267548, 2006, 'KUBOTA D1803-CR-E4B', 0, 'Compacteur Tandem double cylindres neuf\r\nMarque : AMMANN   Type : ARX 26-2\r\nPoids en fonctionnement : 2515 Kg\r\nMoteur KUBOTA D1803-CR-E4B  Puissance 33,5 CV\r\n'),
(33, 'Compacteurs', 'AMMANN', 'ARX 36-2', 'ARX36-2', '38000.00', '1600.00', 'République Tchèque', 0, 0, 'Kubota D1803-CR-T-E4B', 0, 'Compacteur Tandem double cylindres neuf\r\nMarque : AMMANN   Type : ARX 36-2\r\nPoids en fonctionnement : 3760 Kg\r\nMoteur Kubota D1803-CR-T-E4B  Puissance 44 CV\r\n'),
(34, 'Compacteurs', 'AMMANN', 'ARX 45-2', 'ARX45-2', '45000.00', '2400.00', 'République Tchèque', 0, 0, 'Kubota D1803-CR-T-E4B', 0, 'Compacteur Tandem double cylindres neuf\r\nMarque : AMMANN   Type : ARX 45-2\r\nPoids en fonctionnement : 4690 Kg\r\nMoteur Kubota D1803-CR-T-E4B   Puissance : 44 CV'),
(35, 'Compacteurs', 'AMMANN', 'ARW 65', 'ARW65', '18000.00', '1200.00', 'Allemagne', 0, 0, 'Yanmar L100N', 0, 'Rouleau compacteur à guidage manuel\r\nMarque : AMMANN   Type : ARW 65\r\nPoids en fonctionnement : 712 Kg\r\nMoteur : Yanmar L100N   Puissance : 8,3 CV\r\n'),
(36, 'Lavage', 'TEREX', 'AggreSand 165 / 206', '', '0.00', '0.00', 'Royaume-Uni', 0, 0, '', 0, ''),
(37, 'Lavage', 'TEREX', 'AggWash 60 / 300', '', '0.00', '0.00', 'Royaume-Uni', 0, 0, '', 0, ''),
(38, 'Lavage', 'TEREX', 'FM COMPACT - FM 20 C', '', '0.00', '0.00', 'Royaume-Uni', 0, 0, '', 0, ''),
(39, 'Lavage', 'TEREX', 'FM COMPACT - FM 60 C', '', '0.00', '0.00', 'Royaume-Uni', 0, 0, '', 0, ''),
(40, 'Lavage', 'TEREX', 'FM COMPACT - FM 120 C', '', '0.00', '0.00', 'Royaume-Uni', 0, 0, '', 0, ''),
(41, 'Recyclage', 'ECOTEC', 'TDS820 Broyeur Vitesse Lente', '', '0.00', '0.00', 'Royaume-Uni', 0, 0, '', 0, ''),
(42, 'Recyclage', 'ECOTEC', 'TDS820 Broyeur  Vitesse Semi Rapide', '', '0.00', '0.00', 'Royaume-Uni', 0, 0, '', 0, ''),
(43, 'Recyclage', 'ECOTEC', 'TDS V20 Broyeur Vitesse Semi Rapide', '', '0.00', '0.00', 'Royaume-Uni', 0, 0, '', 0, ''),
(44, 'Recyclage', 'ECOTEC', 'TBG 630 Broyeur Grande Vitesse', '', '0.00', '0.00', 'Royaume-Uni', 0, 0, '', 0, ''),
(45, 'Recyclage', 'ECOTEC', 'TTS620 Crible Cylindrique Mobile', '', '0.00', '0.00', 'Royaume-Uni', 0, 0, '', 0, ''),
(46, 'Recyclage', 'ECOTEC', 'TTS620 T Crible Cylindrique Mobile', '', '0.00', '0.00', 'Royaume-Uni', 0, 0, '', 0, ''),
(47, 'Recyclage', 'ECOTEC', 'Phoenix 1600 Crible Cylindrique Mobile', '', '0.00', '0.00', 'Royaume-Uni', 0, 0, '', 0, ''),
(48, 'Recyclage', 'ECOTEC', 'Phoenix 2100 Crible Cylindrique Mobile', '', '0.00', '0.00', 'Royaume-Uni', 0, 0, '', 0, ''),
(49, 'Recyclage', 'ECOTEC', 'Phoenix 3300 Crible Cylindrique Mobile', '', '0.00', '0.00', 'Royaume-Uni', 0, 0, '', 0, ''),
(51, 'Postes Enrobage', 'AMMANN', 'ACM PRIME 140', '', '0.00', '0.00', 'Brésil', 0, 0, '', 0, ''),
(52, 'Postes Enrobage', 'AMMANN', 'ACM PRIME 210', '', '0.00', '0.00', 'Brésil', 0, 0, '', 0, ''),
(53, 'Postes Enrobage', 'AMMANN', 'EASY BATCH 90', '', '0.00', '0.00', 'Italie', 0, 0, '', 0, ''),
(54, 'Postes Enrobage', 'AMMANN', 'EASY BATCH 140', '', '0.00', '0.00', 'Italie', 0, 0, '', 0, ''),
(55, 'Postes Enrobage', 'AMMANN ', 'VALUETEC 100', '', '0.00', '0.00', 'Inde', 0, 0, '', 0, ''),
(56, 'Postes Enrobage', 'AMMANN ', 'VALUETEC 140', '', '0.00', '0.00', 'Inde', 0, 0, '', 0, ''),
(57, 'Postes Enrobage', 'AMMANN', 'VALUETEC 180', '', '0.00', '0.00', 'Inde', 0, 0, '', 0, ''),
(58, 'Postes Enrobage', 'AMMANN', 'VALUETEC 260', '', '0.00', '0.00', 'Inde', 0, 0, '', 0, ''),
(59, 'Postes Enrobage', 'APOLLO', 'COUNTERMIX 90', '', '0.00', '0.00', 'Inde', 0, 0, '', 0, ''),
(60, 'Postes Enrobage', 'APOLLO', 'COUNTERMIX 120', '', '0.00', '0.00', 'Inde', 0, 0, '', 0, ''),
(61, 'Finisseurs', 'AMMANN', 'AFT 900-3', '', '0.00', '0.00', 'Allemagne', 0, 0, '', 0, ''),
(62, 'Concassage Premium', 'TEREX', 'MJ400R Mâchoire Modulaire', '', '0.00', '0.00', 'Royaume-Uni', 0, 0, '', 0, ''),
(63, 'Concassage Premium', 'TEREX', 'MJ42 Mâchoire Modulaire', '', '0.00', '0.00', 'Royaume-Uni', 0, 0, '', 0, ''),
(64, 'Concassage Premium', 'TEREX', 'MJ55 Mâchoire Modulaire', '', '0.00', '0.00', 'Royaume-Uni', 0, 0, '', 0, ''),
(65, 'Concassage Premium', 'TEREX', 'MC1000 Giratoire Modulaire', '', '0.00', '0.00', 'Royaume-Uni', 0, 0, '', 0, ''),
(66, 'Concassage Premium', 'TEREX', 'MC1150 Giratoire Modulaire', '', '0.00', '0.00', 'Royaume-Uni', 0, 0, '', 0, ''),
(67, 'Concassage Premium', 'TEREX', 'MC1300 Giratoire Modulaire', '', '0.00', '0.00', 'Royaume-Uni', 0, 0, '', 0, ''),
(68, 'Concassage Premium', 'TEREX', 'MV2000 Axe Vertical Modulaire', '', '0.00', '0.00', 'Royaume-Uni', 0, 0, '', 0, ''),
(69, 'Concassage Premium', 'TEREX', 'MHFS2618 Crible 4 Étages Modulaire', '', '0.00', '0.00', 'Royaume-Uni', 0, 0, '', 0, ''),
(70, 'Concassage Premium', 'TEREX', 'WJ3042 Mâchoire Mobile Pneus', '', '0.00', '0.00', 'Inde', 0, 0, '', 0, ''),
(71, 'Concassage Premium', 'TEREX', 'WC1150S Giratoire Mobile/pneus', '', '0.00', '0.00', 'Inde', 0, 0, '', 0, ''),
(72, 'Finisseurs', 'AMMANN', 'AFT 800-3', '', '0.00', '0.00', 'Allemagne', 0, 0, '', 0, ''),
(73, 'Finisseurs', 'AMMANN', 'AFT 700-3', '', '0.00', '0.00', 'Allemagne', 0, 0, '', 0, ''),
(74, 'Concassage Mid Market', 'SRH', 'Mâchoire Mobile j108', '', '0.00', '0.00', 'Chine', 0, 0, '', 0, ''),
(75, 'Concassage Mid Market', 'SRH', 'Percuteur Mobile i1213', '', '0.00', '0.00', 'Chine', 0, 0, '', 0, ''),
(76, 'Concassage Mid Market', 'SRH', 'Giratoire Mobile C3000', '', '0.00', '0.00', 'Chine', 0, 0, '', 0, ''),
(77, 'Concassage Mid Market', 'SRH', 'Crible Mobile S6080', '', '0.00', '0.00', 'Chine', 0, 0, '', 0, ''),
(78, 'Concassage Mid Market', 'SRH', 'POSTE PRIMAIRE FIXE  SJ1200', '', '0.00', '0.00', 'Chine', 0, 0, '', 0, ''),
(79, 'Concassage Mid Market', 'SRH', 'Module de Sable SV10R320', '', '0.00', '0.00', 'Chine', 0, 0, '', 0, ''),
(80, 'Concassage Mid Market', 'SRH', 'Mâchire Fixe SJ900', '', '0.00', '0.00', 'Chine', 0, 0, '', 0, ''),
(81, 'Entretien des Routes', 'HYDROH', 'DG-1500 Finisseur d\'Accotement', '', '0.00', '0.00', 'Pologne', 0, 0, '', 0, ''),
(82, 'Entretien des Routes', 'HYDROH', 'SH PREMIUM 8000 Répondeuse', '', '0.00', '0.00', 'Pologne', 0, 0, '', 0, ''),
(83, 'Entretien des Routes', 'HYDROG', 'OCP Balayeuse Ramasseuse', '', '0.00', '0.00', 'Pologne', 0, 0, '', 0, ''),
(84, 'Entretien des Routes', 'HYDROG', 'PA-5000 Patcher Réparateur chaussée', '', '0.00', '0.00', 'Pologne', 0, 0, '', 0, ''),
(85, 'Entretien des Routes', 'HYDROG', 'P-5000 Saleuse-Sableuse ', '', '0.00', '0.00', 'Pologne', 0, 0, '', 0, ''),
(86, 'Entretien des Routes', 'HYDROG', 'PLA-4500 Lame de déneigement', '', '0.00', '0.00', 'Pologne', 0, 0, '', 0, '');

-- --------------------------------------------------------

--
-- Structure de la table `options`
--

DROP TABLE IF EXISTS `options`;
CREATE TABLE IF NOT EXISTS `options` (
  `id` int NOT NULL AUTO_INCREMENT,
  `Engin` int NOT NULL,
  `Nom` varchar(255) NOT NULL,
  `Prix` decimal(65,2) NOT NULL,
  `prix_transport` int NOT NULL,
  `Origine` varchar(255) NOT NULL,
  PRIMARY KEY (`id`)
) ENGINE=MyISAM AUTO_INCREMENT=861 DEFAULT CHARSET=utf8;

--
-- Déchargement des données de la table `options`
--

INSERT INTO `options` (`id`, `Engin`, `Nom`, `Prix`, `prix_transport`, `Origine`) VALUES
(15, 2, '', '0.00', 0, ''),
(14, 2, '', '0.00', 0, ''),
(13, 2, 'SYSTÈME GRAISSAGE CENTRALISE', '1200.00', 0, 'Allemagne'),
(12, 2, 'SYSTEME PARK ASSIST', '6200.00', 0, 'Allemagne'),
(11, 2, 'Extensions de la Table 1,5 m', '3000.00', 400, 'Allemagne'),
(16, 2, '', '0.00', 0, ''),
(17, 2, '', '0.00', 0, ''),
(18, 2, '', '0.00', 0, ''),
(19, 2, '', '0.00', 0, ''),
(20, 2, '', '0.00', 0, ''),
(61, 7, 'LESTAGE 8 T SUPPLEMENTAIRES', '5600.00', 600, ''),
(60, 6, '', '0.00', 0, ''),
(59, 6, '', '0.00', 0, ''),
(58, 6, '', '0.00', 0, ''),
(57, 6, '', '0.00', 0, ''),
(56, 6, '', '0.00', 0, ''),
(55, 6, '', '0.00', 0, ''),
(54, 6, '', '0.00', 0, ''),
(53, 6, '', '0.00', 0, ''),
(51, 6, 'Cabine Climatisée', '3800.00', 0, 'République'),
(52, 6, 'COUPE BORDURE', '4600.00', 0, 'République'),
(66, 7, '', '0.00', 0, ''),
(65, 7, '', '0.00', 0, ''),
(64, 7, '', '0.00', 0, ''),
(63, 7, 'COUPE BORDURE', '3200.00', 0, ''),
(62, 7, 'CABINE CLIMATISEE', '3600.00', 0, ''),
(67, 7, '', '0.00', 0, ''),
(68, 7, '', '0.00', 0, ''),
(69, 7, '', '0.00', 0, ''),
(70, 7, '', '0.00', 0, ''),
(71, 8, 'CABINE CLIMATISEE', '3400.00', 0, ''),
(72, 8, 'PNEUS AGRAIRES MICHELIN', '1800.00', 0, ''),
(73, 8, 'SYTEME ACE', '4600.00', 0, ''),
(74, 8, '', '0.00', 0, ''),
(75, 8, '', '0.00', 0, ''),
(76, 8, '', '0.00', 0, ''),
(77, 8, '', '0.00', 0, ''),
(78, 8, '', '0.00', 0, ''),
(79, 8, '', '0.00', 0, ''),
(80, 8, '', '0.00', 0, ''),
(81, 9, '3 Godets ', '1600.00', 0, ''),
(82, 9, 'Attache Rapide mécanique', '600.00', 0, ''),
(83, 9, 'Brise roches hydraulique 95 Kg', '3400.00', 0, ''),
(84, 9, '', '0.00', 0, ''),
(85, 9, '', '0.00', 0, ''),
(86, 9, '', '0.00', 0, ''),
(87, 9, '', '0.00', 0, ''),
(88, 9, '', '0.00', 0, ''),
(89, 9, '', '0.00', 0, ''),
(90, 9, '', '0.00', 0, ''),
(91, 10, 'Kir 3 Godets', '1600.00', 0, ''),
(92, 10, 'Attache rapide mécanique', '600.00', 0, ''),
(93, 10, 'Attache rapide réversible hydraulique', '3219.00', 0, ''),
(94, 10, 'Brise roches hydraulique 95 Kg', '3400.00', 0, ''),
(95, 10, 'Balancier Long', '680.00', 0, ''),
(96, 10, 'Trancheuse à chaîne profondeur 60 cm Largeur 20 cm', '4200.00', 0, ''),
(97, 10, '', '0.00', 0, ''),
(98, 10, '', '0.00', 0, ''),
(99, 10, '', '0.00', 0, ''),
(100, 10, '', '0.00', 0, ''),
(101, 11, 'Kit 3 Godets', '1600.00', 0, ''),
(102, 11, 'Attache rapide mécanique', '600.00', 0, ''),
(103, 11, 'Attache rapide réversible hydraulique', '3885.00', 0, ''),
(104, 11, 'Brise roches hydraulique 95 Kg', '3400.00', 0, ''),
(105, 11, 'Balancier Long', '800.00', 0, ''),
(106, 11, 'Trancheuse à chaîne profondeur 60 cm Largeur 20 cm', '4200.00', 0, ''),
(107, 11, '', '0.00', 0, ''),
(108, 11, '', '0.00', 0, ''),
(109, 11, '', '0.00', 0, ''),
(110, 11, '', '0.00', 0, ''),
(121, 13, 'Cabine climatisée', '1990.00', 0, ''),
(122, 13, 'Kit 3 Godets', '1540.00', 400, ''),
(123, 13, 'Attache rapide mécanique', '980.00', 0, ''),
(124, 13, 'Attache rapide hydraulique réversible', '3980.00', 0, ''),
(125, 13, 'Brise roche hydraulique 165 Kg', '3888.00', 300, ''),
(126, 13, 'Tarrière hydraulique 145 Kg avec Mèche 300 mm', '3090.00', 300, ''),
(127, 13, '', '0.00', 0, ''),
(128, 13, '', '0.00', 0, ''),
(129, 13, '', '0.00', 0, ''),
(130, 13, '', '0.00', 0, ''),
(131, 14, 'Huile hydraulique spécial climat chaud', '800.00', 0, ''),
(132, 14, 'Télécommande', '1400.00', 0, ''),
(133, 14, 'Système d\'arrosage', '3800.00', 0, ''),
(134, 14, '', '0.00', 0, ''),
(135, 14, '', '0.00', 0, ''),
(136, 14, '', '0.00', 0, ''),
(137, 14, '', '0.00', 0, ''),
(138, 14, '', '0.00', 0, ''),
(139, 14, '', '0.00', 0, ''),
(140, 14, '', '0.00', 0, ''),
(141, 15, 'Huile hydraulique spécial climat chaud', '800.00', 0, ''),
(142, 15, 'Télécommande', '1400.00', 0, ''),
(143, 15, 'Système d\'arrosage', '3400.00', 0, ''),
(144, 15, '', '0.00', 0, ''),
(145, 15, '', '0.00', 0, ''),
(146, 15, '', '0.00', 0, ''),
(147, 15, '', '0.00', 0, ''),
(148, 15, '', '0.00', 0, ''),
(149, 15, '', '0.00', 0, ''),
(150, 15, '', '0.00', 0, ''),
(151, 16, 'Huile hydraulique spécial climat chaud', '800.00', 46, ''),
(152, 16, 'Télécommande', '1400.00', 0, ''),
(153, 16, 'Système d\'arrosage', '3800.00', 236, ''),
(154, 16, '', '0.00', 0, ''),
(155, 16, '', '0.00', 0, ''),
(156, 16, '', '0.00', 0, ''),
(157, 16, '', '0.00', 0, ''),
(158, 16, '', '0.00', 0, ''),
(159, 16, '', '0.00', 0, ''),
(160, 16, '', '0.00', 0, ''),
(161, 17, 'Huile hydraulique spécial climat chaud', '800.00', 0, ''),
(162, 17, 'Télécommande', '1400.00', 0, ''),
(163, 17, 'Système d\'arrosage', '3800.00', 0, ''),
(164, 17, '', '0.00', 0, ''),
(165, 17, '', '0.00', 0, ''),
(166, 17, '', '0.00', 0, ''),
(167, 17, '', '0.00', 0, ''),
(168, 17, '', '0.00', 0, ''),
(169, 17, '', '0.00', 0, ''),
(170, 17, '', '0.00', 0, ''),
(171, 18, 'Huile hydraulique spécial climat chaud', '800.00', 0, ''),
(172, 18, 'Télécommande', '1400.00', 0, ''),
(173, 18, 'Système d\'arrosage', '3800.00', 0, ''),
(174, 18, '', '0.00', 0, ''),
(175, 18, '', '0.00', 0, ''),
(176, 18, '', '0.00', 0, ''),
(177, 18, '', '0.00', 0, ''),
(178, 18, '', '0.00', 0, ''),
(179, 18, '', '0.00', 0, ''),
(180, 18, '', '0.00', 0, ''),
(181, 19, 'Huile hydraulique spécial climat chaud', '1100.00', 0, ''),
(182, 19, 'Télécommande', '1600.00', 0, ''),
(183, 19, 'Système d\'arrosage', '5180.00', 0, ''),
(184, 19, '', '0.00', 0, ''),
(185, 19, '', '0.00', 0, ''),
(186, 19, '', '0.00', 0, ''),
(187, 19, '', '0.00', 0, ''),
(188, 19, '', '0.00', 0, ''),
(189, 19, '', '0.00', 0, ''),
(190, 19, '', '0.00', 0, ''),
(191, 20, 'Huile hydraulique spécial climat chaud', '800.00', 0, ''),
(192, 20, 'Télécommande', '1440.00', 0, ''),
(193, 20, 'Système d\'arrosage', '3600.00', 0, ''),
(194, 20, '', '0.00', 0, ''),
(195, 20, '', '0.00', 0, ''),
(196, 20, '', '0.00', 0, ''),
(197, 20, '', '0.00', 0, ''),
(198, 20, '', '0.00', 0, ''),
(199, 20, '', '0.00', 0, ''),
(200, 20, '', '0.00', 0, ''),
(201, 21, 'Huile hydraulique spécial climat chaud', '800.00', 0, ''),
(202, 21, 'Télécommande1400', '0.00', 0, ''),
(203, 21, 'Système d\'arrosage', '3800.00', 0, ''),
(204, 21, '', '0.00', 0, ''),
(205, 21, '', '0.00', 0, ''),
(206, 21, '', '0.00', 0, ''),
(207, 21, '', '0.00', 0, ''),
(208, 21, '', '0.00', 0, ''),
(209, 21, '', '0.00', 0, ''),
(210, 21, '', '0.00', 0, ''),
(211, 22, 'Huile hydraulique spécial climat chaud', '800.00', 0, ''),
(212, 22, 'Télécommande', '1400.00', 0, ''),
(213, 22, 'Système d\'arrosage', '4400.00', 0, ''),
(214, 22, '', '0.00', 0, ''),
(215, 22, '', '0.00', 0, ''),
(216, 22, '', '0.00', 0, ''),
(217, 22, '', '0.00', 0, ''),
(218, 22, '', '0.00', 0, ''),
(219, 22, '', '0.00', 0, ''),
(220, 22, '', '0.00', 0, ''),
(221, 23, 'Huile hydraulique spécial climat chaud', '800.00', 0, ''),
(222, 23, 'Télécommande', '1400.00', 0, ''),
(223, 23, 'Système d\'arrosage', '3800.00', 0, ''),
(224, 23, '', '0.00', 0, ''),
(225, 23, '', '0.00', 0, ''),
(226, 23, '', '0.00', 0, ''),
(227, 23, '', '0.00', 0, ''),
(228, 23, '', '0.00', 0, ''),
(229, 23, '', '0.00', 0, ''),
(230, 23, '', '0.00', 0, ''),
(231, 24, 'Huile hydraulique spécial climat chaud', '900.00', 0, ''),
(232, 24, 'Télécommande', '1400.00', 0, ''),
(233, 24, 'Système d\'arrosage', '3800.00', 0, ''),
(234, 24, '', '0.00', 0, ''),
(235, 24, '', '0.00', 0, ''),
(236, 24, '', '0.00', 0, ''),
(237, 24, '', '0.00', 0, ''),
(238, 24, '', '0.00', 0, ''),
(239, 24, '', '0.00', 0, ''),
(240, 24, '', '0.00', 0, ''),
(241, 25, 'Cabine climatisée', '3800.00', 0, ''),
(242, 25, 'Lestage 1 Tonne supplémentaire', '748.00', 140, ''),
(243, 25, '', '0.00', 0, ''),
(244, 25, '', '0.00', 0, ''),
(245, 25, '', '0.00', 0, ''),
(246, 25, '', '0.00', 0, ''),
(247, 25, '', '0.00', 0, ''),
(248, 25, '', '0.00', 0, ''),
(249, 25, '', '0.00', 0, ''),
(250, 25, '', '0.00', 0, ''),
(251, 26, 'Cabine climatisée', '3800.00', 0, ''),
(252, 26, 'Coupe bordure ', '2680.00', 0, ''),
(253, 26, '', '0.00', 0, ''),
(254, 26, '', '0.00', 0, ''),
(255, 26, '', '0.00', 0, ''),
(256, 26, '', '0.00', 0, ''),
(257, 26, '', '0.00', 0, ''),
(258, 26, '', '0.00', 0, ''),
(259, 26, '', '0.00', 0, ''),
(260, 26, '', '0.00', 0, ''),
(261, 27, 'Cabine climatisée', '3800.00', 0, ''),
(262, 27, 'Coupe bordure ', '2600.00', 0, ''),
(263, 27, 'Relevé du compactage ACEforce', '4400.00', 0, ''),
(264, 27, '', '0.00', 0, ''),
(265, 27, '', '0.00', 0, ''),
(266, 27, '', '0.00', 0, ''),
(267, 27, '', '0.00', 0, ''),
(268, 27, '', '0.00', 0, ''),
(269, 27, '', '0.00', 0, ''),
(270, 27, '', '0.00', 0, ''),
(271, 28, 'Cabine climatisée', '3800.00', 0, ''),
(272, 28, 'Coupe bordure ', '2600.00', 0, ''),
(273, 28, 'Relevé du compactage ACEforce', '4400.00', 0, ''),
(274, 28, '', '0.00', 0, ''),
(275, 28, '', '0.00', 0, ''),
(276, 28, '', '0.00', 0, ''),
(277, 28, '', '0.00', 0, ''),
(278, 28, '', '0.00', 0, ''),
(279, 28, '', '0.00', 0, ''),
(280, 28, '', '0.00', 0, ''),
(281, 29, 'Cabine climatisée', '3800.00', 0, ''),
(282, 29, 'Protection ROPS de la cabine', '2200.00', 0, ''),
(283, 29, 'Bille à pieds dameurs ou segments de pied dameur', '6800.00', 800, ''),
(284, 29, '', '0.00', 0, ''),
(285, 29, '', '0.00', 0, ''),
(286, 29, '', '0.00', 0, ''),
(287, 29, '', '0.00', 0, ''),
(288, 29, '', '0.00', 0, ''),
(289, 29, '', '0.00', 0, ''),
(290, 29, '', '0.00', 0, ''),
(291, 30, 'Cabine climatisée', '3800.00', 0, ''),
(292, 30, 'Bille à pieds dameurs ou segments à pieds dameurs', '7800.00', 1000, ''),
(293, 30, 'Lame Dozer', '4400.00', 400, ''),
(294, 30, 'Version DH et HT', '4660.00', 0, ''),
(295, 30, 'Relevé du compactage ACEforce', '4400.00', 0, ''),
(296, 30, 'Cartographie GPS pour systèmes ACE', '2100.00', 0, ''),
(297, 30, '', '0.00', 0, ''),
(298, 30, '', '0.00', 0, ''),
(299, 30, '', '0.00', 0, ''),
(300, 30, '', '0.00', 0, ''),
(301, 31, 'Cabine climatisée', '3800.00', 0, ''),
(302, 31, 'Bille à pieds dameurs ou segments à pieds dameurs', '9060.00', 1200, ''),
(303, 31, 'Relevé du compactage ACEforce', '4200.00', 0, ''),
(304, 31, 'Version DH et HT', '4566.00', 0, ''),
(305, 31, 'Lame Dozer', '5500.00', 800, ''),
(306, 31, 'Pneus profil agraire', '1020.00', 0, ''),
(307, 31, '', '0.00', 0, ''),
(308, 31, '', '0.00', 0, ''),
(309, 31, '', '0.00', 0, ''),
(310, 31, '', '0.00', 0, ''),
(311, 32, 'Kit structure de sécurité pliable ROPS et phares de travail', '2216.00', 0, ''),
(312, 32, 'Eclairage routier', '480.00', 234, ''),
(313, 32, 'ATC – Ammann Traction Control', '2100.00', 0, ''),
(314, 32, '', '0.00', 0, ''),
(315, 32, '', '0.00', 0, ''),
(316, 32, '', '0.00', 0, ''),
(317, 32, '', '0.00', 0, ''),
(318, 32, '', '0.00', 0, ''),
(319, 32, '', '0.00', 0, ''),
(320, 32, '', '0.00', 0, ''),
(321, 33, 'Kit structure de sécurité pliable ROPS et phares de travail', '2200.00', 0, ''),
(322, 33, 'Éclairage de la route', '380.00', 0, ''),
(323, 33, 'ATC – Ammann Traction Control', '2200.00', 0, ''),
(324, 33, 'Accoudoirs', '280.00', 0, ''),
(325, 33, '', '0.00', 0, ''),
(326, 33, '', '0.00', 0, ''),
(327, 33, '', '0.00', 0, ''),
(328, 33, '', '0.00', 0, ''),
(329, 33, '', '0.00', 0, ''),
(330, 33, '', '0.00', 0, ''),
(331, 34, 'Kit structure de sécurité pliable ROPS et phares de travail', '2600.00', 0, ''),
(332, 34, 'Eclairage routier', '380.00', 0, ''),
(333, 34, 'ATC – Ammann Traction Control', '2800.00', 0, ''),
(334, 34, 'Accoudoirs', '280.00', 0, ''),
(335, 34, 'Coupe-bordure avec levier multifonction', '2280.00', 200, ''),
(336, 34, '', '0.00', 0, ''),
(337, 34, '', '0.00', 0, ''),
(338, 34, '', '0.00', 0, ''),
(339, 34, '', '0.00', 0, ''),
(340, 34, '', '0.00', 0, ''),
(341, 35, 'Compteur d\'heures', '680.00', 0, ''),
(342, 35, 'Protection à l’avant pour le modèle ARW 65', '800.00', 0, ''),
(343, 35, '', '0.00', 0, ''),
(344, 35, '', '0.00', 0, ''),
(345, 35, '', '0.00', 0, ''),
(346, 35, '', '0.00', 0, ''),
(347, 35, '', '0.00', 0, ''),
(348, 35, '', '0.00', 0, ''),
(349, 35, '', '0.00', 0, ''),
(350, 35, '', '0.00', 0, ''),
(351, 36, '', '0.00', 0, ''),
(352, 36, '', '0.00', 0, ''),
(353, 36, '', '0.00', 0, ''),
(354, 36, '', '0.00', 0, ''),
(355, 36, '', '0.00', 0, ''),
(356, 36, '', '0.00', 0, ''),
(357, 36, '', '0.00', 0, ''),
(358, 36, '', '0.00', 0, ''),
(359, 36, '', '0.00', 0, ''),
(360, 36, '', '0.00', 0, ''),
(361, 37, '', '0.00', 0, ''),
(362, 37, '', '0.00', 0, ''),
(363, 37, '', '0.00', 0, ''),
(364, 37, '', '0.00', 0, ''),
(365, 37, '', '0.00', 0, ''),
(366, 37, '', '0.00', 0, ''),
(367, 37, '', '0.00', 0, ''),
(368, 37, '', '0.00', 0, ''),
(369, 37, '', '0.00', 0, ''),
(370, 37, '', '0.00', 0, ''),
(371, 38, '', '0.00', 0, ''),
(372, 38, '', '0.00', 0, ''),
(373, 38, '', '0.00', 0, ''),
(374, 38, '', '0.00', 0, ''),
(375, 38, '', '0.00', 0, ''),
(376, 38, '', '0.00', 0, ''),
(377, 38, '', '0.00', 0, ''),
(378, 38, '', '0.00', 0, ''),
(379, 38, '', '0.00', 0, ''),
(380, 38, '', '0.00', 0, ''),
(381, 39, '', '0.00', 0, ''),
(382, 39, '', '0.00', 0, ''),
(383, 39, '', '0.00', 0, ''),
(384, 39, '', '0.00', 0, ''),
(385, 39, '', '0.00', 0, ''),
(386, 39, '', '0.00', 0, ''),
(387, 39, '', '0.00', 0, ''),
(388, 39, '', '0.00', 0, ''),
(389, 39, '', '0.00', 0, ''),
(390, 39, '', '0.00', 0, ''),
(391, 40, '', '0.00', 0, ''),
(392, 40, '', '0.00', 0, ''),
(393, 40, '', '0.00', 0, ''),
(394, 40, '', '0.00', 0, ''),
(395, 40, '', '0.00', 0, ''),
(396, 40, '', '0.00', 0, ''),
(397, 40, '', '0.00', 0, ''),
(398, 40, '', '0.00', 0, ''),
(399, 40, '', '0.00', 0, ''),
(400, 40, '', '0.00', 0, ''),
(401, 41, '', '0.00', 0, ''),
(402, 41, '', '0.00', 0, ''),
(403, 41, '', '0.00', 0, ''),
(404, 41, '', '0.00', 0, ''),
(405, 41, '', '0.00', 0, ''),
(406, 41, '', '0.00', 0, ''),
(407, 41, '', '0.00', 0, ''),
(408, 41, '', '0.00', 0, ''),
(409, 41, '', '0.00', 0, ''),
(410, 41, '', '0.00', 0, ''),
(411, 42, '', '0.00', 0, ''),
(412, 42, '', '0.00', 0, ''),
(413, 42, '', '0.00', 0, ''),
(414, 42, '', '0.00', 0, ''),
(415, 42, '', '0.00', 0, ''),
(416, 42, '', '0.00', 0, ''),
(417, 42, '', '0.00', 0, ''),
(418, 42, '', '0.00', 0, ''),
(419, 42, '', '0.00', 0, ''),
(420, 42, '', '0.00', 0, ''),
(421, 43, '', '0.00', 0, ''),
(422, 43, '', '0.00', 0, ''),
(423, 43, '', '0.00', 0, ''),
(424, 43, '', '0.00', 0, ''),
(425, 43, '', '0.00', 0, ''),
(426, 43, '', '0.00', 0, ''),
(427, 43, '', '0.00', 0, ''),
(428, 43, '', '0.00', 0, ''),
(429, 43, '', '0.00', 0, ''),
(430, 43, '', '0.00', 0, ''),
(431, 44, '', '0.00', 0, ''),
(432, 44, '', '0.00', 0, ''),
(433, 44, '', '0.00', 0, ''),
(434, 44, '', '0.00', 0, ''),
(435, 44, '', '0.00', 0, ''),
(436, 44, '', '0.00', 0, ''),
(437, 44, '', '0.00', 0, ''),
(438, 44, '', '0.00', 0, ''),
(439, 44, '', '0.00', 0, ''),
(440, 44, '', '0.00', 0, ''),
(441, 45, '', '0.00', 0, ''),
(442, 45, '', '0.00', 0, ''),
(443, 45, '', '0.00', 0, ''),
(444, 45, '', '0.00', 0, ''),
(445, 45, '', '0.00', 0, ''),
(446, 45, '', '0.00', 0, ''),
(447, 45, '', '0.00', 0, ''),
(448, 45, '', '0.00', 0, ''),
(449, 45, '', '0.00', 0, ''),
(450, 45, '', '0.00', 0, ''),
(451, 46, '', '0.00', 0, ''),
(452, 46, '', '0.00', 0, ''),
(453, 46, '', '0.00', 0, ''),
(454, 46, '', '0.00', 0, ''),
(455, 46, '', '0.00', 0, ''),
(456, 46, '', '0.00', 0, ''),
(457, 46, '', '0.00', 0, ''),
(458, 46, '', '0.00', 0, ''),
(459, 46, '', '0.00', 0, ''),
(460, 46, '', '0.00', 0, ''),
(461, 47, '', '0.00', 0, ''),
(462, 47, '', '0.00', 0, ''),
(463, 47, '', '0.00', 0, ''),
(464, 47, '', '0.00', 0, ''),
(465, 47, '', '0.00', 0, ''),
(466, 47, '', '0.00', 0, ''),
(467, 47, '', '0.00', 0, ''),
(468, 47, '', '0.00', 0, ''),
(469, 47, '', '0.00', 0, ''),
(470, 47, '', '0.00', 0, ''),
(471, 48, '', '0.00', 0, ''),
(472, 48, '', '0.00', 0, ''),
(473, 48, '', '0.00', 0, ''),
(474, 48, '', '0.00', 0, ''),
(475, 48, '', '0.00', 0, ''),
(476, 48, '', '0.00', 0, ''),
(477, 48, '', '0.00', 0, ''),
(478, 48, '', '0.00', 0, ''),
(479, 48, '', '0.00', 0, ''),
(480, 48, '', '0.00', 0, ''),
(481, 49, '', '0.00', 0, ''),
(482, 49, '', '0.00', 0, ''),
(483, 49, '', '0.00', 0, ''),
(484, 49, '', '0.00', 0, ''),
(485, 49, '', '0.00', 0, ''),
(486, 49, '', '0.00', 0, ''),
(487, 49, '', '0.00', 0, ''),
(488, 49, '', '0.00', 0, ''),
(489, 49, '', '0.00', 0, ''),
(490, 49, '', '0.00', 0, ''),
(501, 51, '', '0.00', 0, ''),
(502, 51, '', '0.00', 0, ''),
(503, 51, '', '0.00', 0, ''),
(504, 51, '', '0.00', 0, ''),
(505, 51, '', '0.00', 0, ''),
(506, 51, '', '0.00', 0, ''),
(507, 51, '', '0.00', 0, ''),
(508, 51, '', '0.00', 0, ''),
(509, 51, '', '0.00', 0, ''),
(510, 51, '', '0.00', 0, ''),
(511, 52, '', '0.00', 0, ''),
(512, 52, '', '0.00', 0, ''),
(513, 52, '', '0.00', 0, ''),
(514, 52, '', '0.00', 0, ''),
(515, 52, '', '0.00', 0, ''),
(516, 52, '', '0.00', 0, ''),
(517, 52, '', '0.00', 0, ''),
(518, 52, '', '0.00', 0, ''),
(519, 52, '', '0.00', 0, ''),
(520, 52, '', '0.00', 0, ''),
(521, 53, '', '0.00', 0, ''),
(522, 53, '', '0.00', 0, ''),
(523, 53, '', '0.00', 0, ''),
(524, 53, '', '0.00', 0, ''),
(525, 53, '', '0.00', 0, ''),
(526, 53, '', '0.00', 0, ''),
(527, 53, '', '0.00', 0, ''),
(528, 53, '', '0.00', 0, ''),
(529, 53, '', '0.00', 0, ''),
(530, 53, '', '0.00', 0, ''),
(531, 54, '', '0.00', 0, ''),
(532, 54, '', '0.00', 0, ''),
(533, 54, '', '0.00', 0, ''),
(534, 54, '', '0.00', 0, ''),
(535, 54, '', '0.00', 0, ''),
(536, 54, '', '0.00', 0, ''),
(537, 54, '', '0.00', 0, ''),
(538, 54, '', '0.00', 0, ''),
(539, 54, '', '0.00', 0, ''),
(540, 54, '', '0.00', 0, ''),
(541, 55, '', '0.00', 0, ''),
(542, 55, '', '0.00', 0, ''),
(543, 55, '', '0.00', 0, ''),
(544, 55, '', '0.00', 0, ''),
(545, 55, '', '0.00', 0, ''),
(546, 55, '', '0.00', 0, ''),
(547, 55, '', '0.00', 0, ''),
(548, 55, '', '0.00', 0, ''),
(549, 55, '', '0.00', 0, ''),
(550, 55, '', '0.00', 0, ''),
(551, 56, '', '0.00', 0, ''),
(552, 56, '', '0.00', 0, ''),
(553, 56, '', '0.00', 0, ''),
(554, 56, '', '0.00', 0, ''),
(555, 56, '', '0.00', 0, ''),
(556, 56, '', '0.00', 0, ''),
(557, 56, '', '0.00', 0, ''),
(558, 56, '', '0.00', 0, ''),
(559, 56, '', '0.00', 0, ''),
(560, 56, '', '0.00', 0, ''),
(561, 57, '', '0.00', 0, ''),
(562, 57, '', '0.00', 0, ''),
(563, 57, '', '0.00', 0, ''),
(564, 57, '', '0.00', 0, ''),
(565, 57, '', '0.00', 0, ''),
(566, 57, '', '0.00', 0, ''),
(567, 57, '', '0.00', 0, ''),
(568, 57, '', '0.00', 0, ''),
(569, 57, '', '0.00', 0, ''),
(570, 57, '', '0.00', 0, ''),
(571, 58, '', '0.00', 0, ''),
(572, 58, '', '0.00', 0, ''),
(573, 58, '', '0.00', 0, ''),
(574, 58, '', '0.00', 0, ''),
(575, 58, '', '0.00', 0, ''),
(576, 58, '', '0.00', 0, ''),
(577, 58, '', '0.00', 0, ''),
(578, 58, '', '0.00', 0, ''),
(579, 58, '', '0.00', 0, ''),
(580, 58, '', '0.00', 0, ''),
(581, 59, '', '0.00', 0, ''),
(582, 59, '', '0.00', 0, ''),
(583, 59, '', '0.00', 0, ''),
(584, 59, '', '0.00', 0, ''),
(585, 59, '', '0.00', 0, ''),
(586, 59, '', '0.00', 0, ''),
(587, 59, '', '0.00', 0, ''),
(588, 59, '', '0.00', 0, ''),
(589, 59, '', '0.00', 0, ''),
(590, 59, '', '0.00', 0, ''),
(591, 60, '', '0.00', 0, ''),
(592, 60, '', '0.00', 0, ''),
(593, 60, '', '0.00', 0, ''),
(594, 60, '', '0.00', 0, ''),
(595, 60, '', '0.00', 0, ''),
(596, 60, '', '0.00', 0, ''),
(597, 60, '', '0.00', 0, ''),
(598, 60, '', '0.00', 0, ''),
(599, 60, '', '0.00', 0, ''),
(600, 60, '', '0.00', 0, ''),
(601, 61, '', '0.00', 0, ''),
(602, 61, '', '0.00', 0, ''),
(603, 61, '', '0.00', 0, ''),
(604, 61, '', '0.00', 0, ''),
(605, 61, '', '0.00', 0, ''),
(606, 61, '', '0.00', 0, ''),
(607, 61, '', '0.00', 0, ''),
(608, 61, '', '0.00', 0, ''),
(609, 61, '', '0.00', 0, ''),
(610, 61, '', '0.00', 0, ''),
(611, 62, '', '0.00', 0, ''),
(612, 62, '', '0.00', 0, ''),
(613, 62, '', '0.00', 0, ''),
(614, 62, '', '0.00', 0, ''),
(615, 62, '', '0.00', 0, ''),
(616, 62, '', '0.00', 0, ''),
(617, 62, '', '0.00', 0, ''),
(618, 62, '', '0.00', 0, ''),
(619, 62, '', '0.00', 0, ''),
(620, 62, '', '0.00', 0, ''),
(621, 63, '', '0.00', 0, ''),
(622, 63, '', '0.00', 0, ''),
(623, 63, '', '0.00', 0, ''),
(624, 63, '', '0.00', 0, ''),
(625, 63, '', '0.00', 0, ''),
(626, 63, '', '0.00', 0, ''),
(627, 63, '', '0.00', 0, ''),
(628, 63, '', '0.00', 0, ''),
(629, 63, '', '0.00', 0, ''),
(630, 63, '', '0.00', 0, ''),
(631, 64, '', '0.00', 0, ''),
(632, 64, '', '0.00', 0, ''),
(633, 64, '', '0.00', 0, ''),
(634, 64, '', '0.00', 0, ''),
(635, 64, '', '0.00', 0, ''),
(636, 64, '', '0.00', 0, ''),
(637, 64, '', '0.00', 0, ''),
(638, 64, '', '0.00', 0, ''),
(639, 64, '', '0.00', 0, ''),
(640, 64, '', '0.00', 0, ''),
(641, 65, '', '0.00', 0, ''),
(642, 65, '', '0.00', 0, ''),
(643, 65, '', '0.00', 0, ''),
(644, 65, '', '0.00', 0, ''),
(645, 65, '', '0.00', 0, ''),
(646, 65, '', '0.00', 0, ''),
(647, 65, '', '0.00', 0, ''),
(648, 65, '', '0.00', 0, ''),
(649, 65, '', '0.00', 0, ''),
(650, 65, '', '0.00', 0, ''),
(651, 66, '', '0.00', 0, ''),
(652, 66, '', '0.00', 0, ''),
(653, 66, '', '0.00', 0, ''),
(654, 66, '', '0.00', 0, ''),
(655, 66, '', '0.00', 0, ''),
(656, 66, '', '0.00', 0, ''),
(657, 66, '', '0.00', 0, ''),
(658, 66, '', '0.00', 0, ''),
(659, 66, '', '0.00', 0, ''),
(660, 66, '', '0.00', 0, ''),
(661, 67, '', '0.00', 0, ''),
(662, 67, '', '0.00', 0, ''),
(663, 67, '', '0.00', 0, ''),
(664, 67, '', '0.00', 0, ''),
(665, 67, '', '0.00', 0, ''),
(666, 67, '', '0.00', 0, ''),
(667, 67, '', '0.00', 0, ''),
(668, 67, '', '0.00', 0, ''),
(669, 67, '', '0.00', 0, ''),
(670, 67, '', '0.00', 0, ''),
(671, 68, '', '0.00', 0, ''),
(672, 68, '', '0.00', 0, ''),
(673, 68, '', '0.00', 0, ''),
(674, 68, '', '0.00', 0, ''),
(675, 68, '', '0.00', 0, ''),
(676, 68, '', '0.00', 0, ''),
(677, 68, '', '0.00', 0, ''),
(678, 68, '', '0.00', 0, ''),
(679, 68, '', '0.00', 0, ''),
(680, 68, '', '0.00', 0, ''),
(681, 69, '', '0.00', 0, ''),
(682, 69, '', '0.00', 0, ''),
(683, 69, '', '0.00', 0, ''),
(684, 69, '', '0.00', 0, ''),
(685, 69, '', '0.00', 0, ''),
(686, 69, '', '0.00', 0, ''),
(687, 69, '', '0.00', 0, ''),
(688, 69, '', '0.00', 0, ''),
(689, 69, '', '0.00', 0, ''),
(690, 69, '', '0.00', 0, ''),
(691, 70, '', '0.00', 0, ''),
(692, 70, '', '0.00', 0, ''),
(693, 70, '', '0.00', 0, ''),
(694, 70, '', '0.00', 0, ''),
(695, 70, '', '0.00', 0, ''),
(696, 70, '', '0.00', 0, ''),
(697, 70, '', '0.00', 0, ''),
(698, 70, '', '0.00', 0, ''),
(699, 70, '', '0.00', 0, ''),
(700, 70, '', '0.00', 0, ''),
(701, 71, '', '0.00', 0, ''),
(702, 71, '', '0.00', 0, ''),
(703, 71, '', '0.00', 0, ''),
(704, 71, '', '0.00', 0, ''),
(705, 71, '', '0.00', 0, ''),
(706, 71, '', '0.00', 0, ''),
(707, 71, '', '0.00', 0, ''),
(708, 71, '', '0.00', 0, ''),
(709, 71, '', '0.00', 0, ''),
(710, 71, '', '0.00', 0, ''),
(711, 72, '', '0.00', 0, ''),
(712, 72, '', '0.00', 0, ''),
(713, 72, '', '0.00', 0, ''),
(714, 72, '', '0.00', 0, ''),
(715, 72, '', '0.00', 0, ''),
(716, 72, '', '0.00', 0, ''),
(717, 72, '', '0.00', 0, ''),
(718, 72, '', '0.00', 0, ''),
(719, 72, '', '0.00', 0, ''),
(720, 72, '', '0.00', 0, ''),
(721, 73, '', '0.00', 0, ''),
(722, 73, '', '0.00', 0, ''),
(723, 73, '', '0.00', 0, ''),
(724, 73, '', '0.00', 0, ''),
(725, 73, '', '0.00', 0, ''),
(726, 73, '', '0.00', 0, ''),
(727, 73, '', '0.00', 0, ''),
(728, 73, '', '0.00', 0, ''),
(729, 73, '', '0.00', 0, ''),
(730, 73, '', '0.00', 0, ''),
(731, 74, '', '0.00', 0, ''),
(732, 74, '', '0.00', 0, ''),
(733, 74, '', '0.00', 0, ''),
(734, 74, '', '0.00', 0, ''),
(735, 74, '', '0.00', 0, ''),
(736, 74, '', '0.00', 0, ''),
(737, 74, '', '0.00', 0, ''),
(738, 74, '', '0.00', 0, ''),
(739, 74, '', '0.00', 0, ''),
(740, 74, '', '0.00', 0, ''),
(741, 75, '', '0.00', 0, ''),
(742, 75, '', '0.00', 0, ''),
(743, 75, '', '0.00', 0, ''),
(744, 75, '', '0.00', 0, ''),
(745, 75, '', '0.00', 0, ''),
(746, 75, '', '0.00', 0, ''),
(747, 75, '', '0.00', 0, ''),
(748, 75, '', '0.00', 0, ''),
(749, 75, '', '0.00', 0, ''),
(750, 75, '', '0.00', 0, ''),
(751, 76, '', '0.00', 0, ''),
(752, 76, '', '0.00', 0, ''),
(753, 76, '', '0.00', 0, ''),
(754, 76, '', '0.00', 0, ''),
(755, 76, '', '0.00', 0, ''),
(756, 76, '', '0.00', 0, ''),
(757, 76, '', '0.00', 0, ''),
(758, 76, '', '0.00', 0, ''),
(759, 76, '', '0.00', 0, ''),
(760, 76, '', '0.00', 0, ''),
(761, 77, '', '0.00', 0, ''),
(762, 77, '', '0.00', 0, ''),
(763, 77, '', '0.00', 0, ''),
(764, 77, '', '0.00', 0, ''),
(765, 77, '', '0.00', 0, ''),
(766, 77, '', '0.00', 0, ''),
(767, 77, '', '0.00', 0, ''),
(768, 77, '', '0.00', 0, ''),
(769, 77, '', '0.00', 0, ''),
(770, 77, '', '0.00', 0, ''),
(771, 78, '', '0.00', 0, ''),
(772, 78, '', '0.00', 0, ''),
(773, 78, '', '0.00', 0, ''),
(774, 78, '', '0.00', 0, ''),
(775, 78, '', '0.00', 0, ''),
(776, 78, '', '0.00', 0, ''),
(777, 78, '', '0.00', 0, ''),
(778, 78, '', '0.00', 0, ''),
(779, 78, '', '0.00', 0, ''),
(780, 78, '', '0.00', 0, ''),
(781, 79, '', '0.00', 0, ''),
(782, 79, '', '0.00', 0, ''),
(783, 79, '', '0.00', 0, ''),
(784, 79, '', '0.00', 0, ''),
(785, 79, '', '0.00', 0, ''),
(786, 79, '', '0.00', 0, ''),
(787, 79, '', '0.00', 0, ''),
(788, 79, '', '0.00', 0, ''),
(789, 79, '', '0.00', 0, ''),
(790, 79, '', '0.00', 0, ''),
(791, 80, '', '0.00', 0, ''),
(792, 80, '', '0.00', 0, ''),
(793, 80, '', '0.00', 0, ''),
(794, 80, '', '0.00', 0, ''),
(795, 80, '', '0.00', 0, ''),
(796, 80, '', '0.00', 0, ''),
(797, 80, '', '0.00', 0, ''),
(798, 80, '', '0.00', 0, ''),
(799, 80, '', '0.00', 0, ''),
(800, 80, '', '0.00', 0, ''),
(801, 81, '', '0.00', 0, ''),
(802, 81, '', '0.00', 0, ''),
(803, 81, '', '0.00', 0, ''),
(804, 81, '', '0.00', 0, ''),
(805, 81, '', '0.00', 0, ''),
(806, 81, '', '0.00', 0, ''),
(807, 81, '', '0.00', 0, ''),
(808, 81, '', '0.00', 0, ''),
(809, 81, '', '0.00', 0, ''),
(810, 81, '', '0.00', 0, ''),
(811, 82, '', '0.00', 0, ''),
(812, 82, '', '0.00', 0, ''),
(813, 82, '', '0.00', 0, ''),
(814, 82, '', '0.00', 0, ''),
(815, 82, '', '0.00', 0, ''),
(816, 82, '', '0.00', 0, ''),
(817, 82, '', '0.00', 0, ''),
(818, 82, '', '0.00', 0, ''),
(819, 82, '', '0.00', 0, ''),
(820, 82, '', '0.00', 0, ''),
(821, 83, '', '0.00', 0, ''),
(822, 83, '', '0.00', 0, ''),
(823, 83, '', '0.00', 0, ''),
(824, 83, '', '0.00', 0, ''),
(825, 83, '', '0.00', 0, ''),
(826, 83, '', '0.00', 0, ''),
(827, 83, '', '0.00', 0, ''),
(828, 83, '', '0.00', 0, ''),
(829, 83, '', '0.00', 0, ''),
(830, 83, '', '0.00', 0, ''),
(831, 84, '', '0.00', 0, ''),
(832, 84, '', '0.00', 0, ''),
(833, 84, '', '0.00', 0, ''),
(834, 84, '', '0.00', 0, ''),
(835, 84, '', '0.00', 0, ''),
(836, 84, '', '0.00', 0, ''),
(837, 84, '', '0.00', 0, ''),
(838, 84, '', '0.00', 0, ''),
(839, 84, '', '0.00', 0, ''),
(840, 84, '', '0.00', 0, ''),
(841, 85, '', '0.00', 0, ''),
(842, 85, '', '0.00', 0, ''),
(843, 85, '', '0.00', 0, ''),
(844, 85, '', '0.00', 0, ''),
(845, 85, '', '0.00', 0, ''),
(846, 85, '', '0.00', 0, ''),
(847, 85, '', '0.00', 0, ''),
(848, 85, '', '0.00', 0, ''),
(849, 85, '', '0.00', 0, ''),
(850, 85, '', '0.00', 0, ''),
(851, 86, '', '0.00', 0, ''),
(852, 86, '', '0.00', 0, ''),
(853, 86, '', '0.00', 0, ''),
(854, 86, '', '0.00', 0, ''),
(855, 86, '', '0.00', 0, ''),
(856, 86, '', '0.00', 0, ''),
(857, 86, '', '0.00', 0, ''),
(858, 86, '', '0.00', 0, ''),
(859, 86, '', '0.00', 0, ''),
(860, 86, '', '0.00', 0, '');

-- --------------------------------------------------------

--
-- Structure de la table `others`
--

DROP TABLE IF EXISTS `others`;
CREATE TABLE IF NOT EXISTS `others` (
  `id` int NOT NULL AUTO_INCREMENT,
  `MoyensDePaiement` varchar(255) NOT NULL,
  `Devises` varchar(255) NOT NULL,
  `Activités` varchar(255) NOT NULL,
  `CatégoriesProduits` varchar(255) NOT NULL,
  `Ports` varchar(255) NOT NULL,
  PRIMARY KEY (`id`)
) ENGINE=MyISAM AUTO_INCREMENT=31 DEFAULT CHARSET=utf8;

--
-- Déchargement des données de la table `others`
--

INSERT INTO `others` (`id`, `MoyensDePaiement`, `Devises`, `Activités`, `CatégoriesProduits`, `Ports`) VALUES
(1, 'Lettre de Crédit', 'EURO', 'Exploitation Carrière', 'Postes Enrobage', 'Alger'),
(2, 'Remise Documentaire', 'GBP', 'Travaux Publics', 'Compacteurs', 'Oran'),
(3, 'Transfert Bancaire Libre', 'USD', 'Bâtiment', 'Finisseurs', 'Mostaganem'),
(4, 'Cash à l\'enlèvement', 'DA', 'Briquetterie', 'Minipelles', 'Skikda'),
(5, 'Chèque', '', 'Cimenterie', 'Concassage Mobile', 'Annaba'),
(6, '', '', 'Réparateur', 'Concassage Premium', 'Djendjen'),
(7, '', '', 'Négociant', 'Concassage Mid Market', 'Port Algérien'),
(8, '', '', 'Location', 'Entretien des Routes', ''),
(9, '', '', 'Canalisations', 'Centrales à Béton', ''),
(10, '', '', 'Hydraulique', 'Lavage', ''),
(11, '', '', 'Centrale Béton', 'Recyclage', ''),
(12, '', '', 'Faïencerie', 'Pièces de rechange', ''),
(13, '', '', '', 'Opportunités', '');

-- --------------------------------------------------------

--
-- Structure de la table `pays`
--

DROP TABLE IF EXISTS `pays`;
CREATE TABLE IF NOT EXISTS `pays` (
  `id` smallint UNSIGNED NOT NULL AUTO_INCREMENT,
  `code` int NOT NULL,
  `alpha2` varchar(2) NOT NULL,
  `alpha3` varchar(3) NOT NULL,
  `nom_en_gb` varchar(45) NOT NULL,
  `nom_fr_fr` varchar(45) NOT NULL,
  PRIMARY KEY (`id`),
  UNIQUE KEY `alpha2` (`alpha2`),
  UNIQUE KEY `alpha3` (`alpha3`),
  UNIQUE KEY `code_unique` (`code`)
) ENGINE=MyISAM AUTO_INCREMENT=242 DEFAULT CHARSET=utf8;

--
-- Déchargement des données de la table `pays`
--

INSERT INTO `pays` (`id`, `code`, `alpha2`, `alpha3`, `nom_en_gb`, `nom_fr_fr`) VALUES
(1, 4, 'AF', 'AFG', 'Afghanistan', 'Afghanistan'),
(2, 8, 'AL', 'ALB', 'Albania', 'Albanie'),
(3, 10, 'AQ', 'ATA', 'Antarctica', 'Antarctique'),
(4, 12, 'DZ', 'DZA', 'Algeria', 'Algérie'),
(5, 16, 'AS', 'ASM', 'American Samoa', 'Samoa Américaines'),
(6, 20, 'AD', 'AND', 'Andorra', 'Andorre'),
(7, 24, 'AO', 'AGO', 'Angola', 'Angola'),
(8, 28, 'AG', 'ATG', 'Antigua and Barbuda', 'Antigua-et-Barbuda'),
(9, 31, 'AZ', 'AZE', 'Azerbaijan', 'Azerbaïdjan'),
(10, 32, 'AR', 'ARG', 'Argentina', 'Argentine'),
(11, 36, 'AU', 'AUS', 'Australia', 'Australie'),
(12, 40, 'AT', 'AUT', 'Austria', 'Autriche'),
(13, 44, 'BS', 'BHS', 'Bahamas', 'Bahamas'),
(14, 48, 'BH', 'BHR', 'Bahrain', 'Bahreïn'),
(15, 50, 'BD', 'BGD', 'Bangladesh', 'Bangladesh'),
(16, 51, 'AM', 'ARM', 'Armenia', 'Arménie'),
(17, 52, 'BB', 'BRB', 'Barbados', 'Barbade'),
(18, 56, 'BE', 'BEL', 'Belgium', 'Belgique'),
(19, 60, 'BM', 'BMU', 'Bermuda', 'Bermudes'),
(20, 64, 'BT', 'BTN', 'Bhutan', 'Bhoutan'),
(21, 68, 'BO', 'BOL', 'Bolivia', 'Bolivie'),
(22, 70, 'BA', 'BIH', 'Bosnia and Herzegovina', 'Bosnie-Herzégovine'),
(23, 72, 'BW', 'BWA', 'Botswana', 'Botswana'),
(24, 74, 'BV', 'BVT', 'Bouvet Island', 'Île Bouvet'),
(25, 76, 'BR', 'BRA', 'Brazil', 'Brésil'),
(26, 84, 'BZ', 'BLZ', 'Belize', 'Belize'),
(27, 86, 'IO', 'IOT', 'British Indian Ocean Territory', 'Territoire Britannique de l\'Océan Indien'),
(28, 90, 'SB', 'SLB', 'Solomon Islands', 'Îles Salomon'),
(29, 92, 'VG', 'VGB', 'British Virgin Islands', 'Îles Vierges Britanniques'),
(30, 96, 'BN', 'BRN', 'Brunei Darussalam', 'Brunéi Darussalam'),
(31, 100, 'BG', 'BGR', 'Bulgaria', 'Bulgarie'),
(32, 104, 'MM', 'MMR', 'Myanmar', 'Myanmar'),
(33, 108, 'BI', 'BDI', 'Burundi', 'Burundi'),
(34, 112, 'BY', 'BLR', 'Belarus', 'Bélarus'),
(35, 116, 'KH', 'KHM', 'Cambodia', 'Cambodge'),
(36, 120, 'CM', 'CMR', 'Cameroon', 'Cameroun'),
(37, 124, 'CA', 'CAN', 'Canada', 'Canada'),
(38, 132, 'CV', 'CPV', 'Cape Verde', 'Cap-vert'),
(39, 136, 'KY', 'CYM', 'Cayman Islands', 'Îles Caïmanes'),
(40, 140, 'CF', 'CAF', 'Central African', 'République Centrafricaine'),
(41, 144, 'LK', 'LKA', 'Sri Lanka', 'Sri Lanka'),
(42, 148, 'TD', 'TCD', 'Chad', 'Tchad'),
(43, 152, 'CL', 'CHL', 'Chile', 'Chili'),
(44, 156, 'CN', 'CHN', 'China', 'Chine'),
(45, 158, 'TW', 'TWN', 'Taiwan', 'Taïwan'),
(46, 162, 'CX', 'CXR', 'Christmas Island', 'Île Christmas'),
(47, 166, 'CC', 'CCK', 'Cocos (Keeling) Islands', 'Îles Cocos (Keeling)'),
(48, 170, 'CO', 'COL', 'Colombia', 'Colombie'),
(49, 174, 'KM', 'COM', 'Comoros', 'Comores'),
(50, 175, 'YT', 'MYT', 'Mayotte', 'Mayotte'),
(51, 178, 'CG', 'COG', 'Republic of the Congo', 'République du Congo'),
(52, 180, 'CD', 'COD', 'The Democratic Republic Of The Congo', 'République Démocratique du Congo'),
(53, 184, 'CK', 'COK', 'Cook Islands', 'Îles Cook'),
(54, 188, 'CR', 'CRI', 'Costa Rica', 'Costa Rica'),
(55, 191, 'HR', 'HRV', 'Croatia', 'Croatie'),
(56, 192, 'CU', 'CUB', 'Cuba', 'Cuba'),
(57, 196, 'CY', 'CYP', 'Cyprus', 'Chypre'),
(58, 203, 'CZ', 'CZE', 'Czech Republic', 'République Tchèque'),
(59, 204, 'BJ', 'BEN', 'Benin', 'Bénin'),
(60, 208, 'DK', 'DNK', 'Denmark', 'Danemark'),
(61, 212, 'DM', 'DMA', 'Dominica', 'Dominique'),
(62, 214, 'DO', 'DOM', 'Dominican Republic', 'République Dominicaine'),
(63, 218, 'EC', 'ECU', 'Ecuador', 'Équateur'),
(64, 222, 'SV', 'SLV', 'El Salvador', 'El Salvador'),
(65, 226, 'GQ', 'GNQ', 'Equatorial Guinea', 'Guinée Équatoriale'),
(66, 231, 'ET', 'ETH', 'Ethiopia', 'Éthiopie'),
(67, 232, 'ER', 'ERI', 'Eritrea', 'Érythrée'),
(68, 233, 'EE', 'EST', 'Estonia', 'Estonie'),
(69, 234, 'FO', 'FRO', 'Faroe Islands', 'Îles Féroé'),
(70, 238, 'FK', 'FLK', 'Falkland Islands', 'Îles (malvinas) Falkland'),
(71, 239, 'GS', 'SGS', 'South Georgia and the South Sandwich Islands', 'Géorgie du Sud et les Îles Sandwich du Sud'),
(72, 242, 'FJ', 'FJI', 'Fiji', 'Fidji'),
(73, 246, 'FI', 'FIN', 'Finland', 'Finlande'),
(74, 248, 'AX', 'ALA', 'Åland Islands', 'Îles Åland'),
(75, 250, 'FR', 'FRA', 'France', 'France'),
(76, 254, 'GF', 'GUF', 'French Guiana', 'Guyane Française'),
(77, 258, 'PF', 'PYF', 'French Polynesia', 'Polynésie Française'),
(78, 260, 'TF', 'ATF', 'French Southern Territories', 'Terres Australes Françaises'),
(79, 262, 'DJ', 'DJI', 'Djibouti', 'Djibouti'),
(80, 266, 'GA', 'GAB', 'Gabon', 'Gabon'),
(81, 268, 'GE', 'GEO', 'Georgia', 'Géorgie'),
(82, 270, 'GM', 'GMB', 'Gambia', 'Gambie'),
(83, 275, 'PS', 'PSE', 'Occupied Palestinian Territory', 'Territoire Palestinien Occupé'),
(84, 276, 'DE', 'DEU', 'Germany', 'Allemagne'),
(85, 288, 'GH', 'GHA', 'Ghana', 'Ghana'),
(86, 292, 'GI', 'GIB', 'Gibraltar', 'Gibraltar'),
(87, 296, 'KI', 'KIR', 'Kiribati', 'Kiribati'),
(88, 300, 'GR', 'GRC', 'Greece', 'Grèce'),
(89, 304, 'GL', 'GRL', 'Greenland', 'Groenland'),
(90, 308, 'GD', 'GRD', 'Grenada', 'Grenade'),
(91, 312, 'GP', 'GLP', 'Guadeloupe', 'Guadeloupe'),
(92, 316, 'GU', 'GUM', 'Guam', 'Guam'),
(93, 320, 'GT', 'GTM', 'Guatemala', 'Guatemala'),
(94, 324, 'GN', 'GIN', 'Guinea', 'Guinée'),
(95, 328, 'GY', 'GUY', 'Guyana', 'Guyana'),
(96, 332, 'HT', 'HTI', 'Haiti', 'Haïti'),
(97, 334, 'HM', 'HMD', 'Heard Island and McDonald Islands', 'Îles Heard et Mcdonald'),
(98, 336, 'VA', 'VAT', 'Vatican City State', 'Saint-Siège (état de la Cité du Vatican)'),
(99, 340, 'HN', 'HND', 'Honduras', 'Honduras'),
(100, 344, 'HK', 'HKG', 'Hong Kong', 'Hong-Kong'),
(101, 348, 'HU', 'HUN', 'Hungary', 'Hongrie'),
(102, 352, 'IS', 'ISL', 'Iceland', 'Islande'),
(103, 356, 'IN', 'IND', 'India', 'Inde'),
(104, 360, 'ID', 'IDN', 'Indonesia', 'Indonésie'),
(105, 364, 'IR', 'IRN', 'Islamic Republic of Iran', 'République Islamique d\'Iran'),
(106, 368, 'IQ', 'IRQ', 'Iraq', 'Iraq'),
(107, 372, 'IE', 'IRL', 'Ireland', 'Irlande'),
(108, 376, 'IL', 'ISR', 'Israel', 'Israël'),
(109, 380, 'IT', 'ITA', 'Italy', 'Italie'),
(110, 384, 'CI', 'CIV', 'Côte d\'Ivoire', 'Côte d\'Ivoire'),
(111, 388, 'JM', 'JAM', 'Jamaica', 'Jamaïque'),
(112, 392, 'JP', 'JPN', 'Japan', 'Japon'),
(113, 398, 'KZ', 'KAZ', 'Kazakhstan', 'Kazakhstan'),
(114, 400, 'JO', 'JOR', 'Jordan', 'Jordanie'),
(115, 404, 'KE', 'KEN', 'Kenya', 'Kenya'),
(116, 408, 'KP', 'PRK', 'Democratic People\'s Republic of Korea', 'République Populaire Démocratique de Corée'),
(117, 410, 'KR', 'KOR', 'Republic of Korea', 'République de Corée'),
(118, 414, 'KW', 'KWT', 'Kuwait', 'Koweït'),
(119, 417, 'KG', 'KGZ', 'Kyrgyzstan', 'Kirghizistan'),
(120, 418, 'LA', 'LAO', 'Lao People\'s Democratic Republic', 'République Démocratique Populaire Lao'),
(121, 422, 'LB', 'LBN', 'Lebanon', 'Liban'),
(122, 426, 'LS', 'LSO', 'Lesotho', 'Lesotho'),
(123, 428, 'LV', 'LVA', 'Latvia', 'Lettonie'),
(124, 430, 'LR', 'LBR', 'Liberia', 'Libéria'),
(125, 434, 'LY', 'LBY', 'Libyan Arab Jamahiriya', 'Jamahiriya Arabe Libyenne'),
(126, 438, 'LI', 'LIE', 'Liechtenstein', 'Liechtenstein'),
(127, 440, 'LT', 'LTU', 'Lithuania', 'Lituanie'),
(128, 442, 'LU', 'LUX', 'Luxembourg', 'Luxembourg'),
(129, 446, 'MO', 'MAC', 'Macao', 'Macao'),
(130, 450, 'MG', 'MDG', 'Madagascar', 'Madagascar'),
(131, 454, 'MW', 'MWI', 'Malawi', 'Malawi'),
(132, 458, 'MY', 'MYS', 'Malaysia', 'Malaisie'),
(133, 462, 'MV', 'MDV', 'Maldives', 'Maldives'),
(134, 466, 'ML', 'MLI', 'Mali', 'Mali'),
(135, 470, 'MT', 'MLT', 'Malta', 'Malte'),
(136, 474, 'MQ', 'MTQ', 'Martinique', 'Martinique'),
(137, 478, 'MR', 'MRT', 'Mauritania', 'Mauritanie'),
(138, 480, 'MU', 'MUS', 'Mauritius', 'Maurice'),
(139, 484, 'MX', 'MEX', 'Mexico', 'Mexique'),
(140, 492, 'MC', 'MCO', 'Monaco', 'Monaco'),
(141, 496, 'MN', 'MNG', 'Mongolia', 'Mongolie'),
(142, 498, 'MD', 'MDA', 'Republic of Moldova', 'République de Moldova'),
(143, 500, 'MS', 'MSR', 'Montserrat', 'Montserrat'),
(144, 504, 'MA', 'MAR', 'Morocco', 'Maroc'),
(145, 508, 'MZ', 'MOZ', 'Mozambique', 'Mozambique'),
(146, 512, 'OM', 'OMN', 'Oman', 'Oman'),
(147, 516, 'NA', 'NAM', 'Namibia', 'Namibie'),
(148, 520, 'NR', 'NRU', 'Nauru', 'Nauru'),
(149, 524, 'NP', 'NPL', 'Nepal', 'Népal'),
(150, 528, 'NL', 'NLD', 'Netherlands', 'Pays-Bas'),
(151, 530, 'AN', 'ANT', 'Netherlands Antilles', 'Antilles Néerlandaises'),
(152, 533, 'AW', 'ABW', 'Aruba', 'Aruba'),
(153, 540, 'NC', 'NCL', 'New Caledonia', 'Nouvelle-Calédonie'),
(154, 548, 'VU', 'VUT', 'Vanuatu', 'Vanuatu'),
(155, 554, 'NZ', 'NZL', 'New Zealand', 'Nouvelle-Zélande'),
(156, 558, 'NI', 'NIC', 'Nicaragua', 'Nicaragua'),
(157, 562, 'NE', 'NER', 'Niger', 'Niger'),
(158, 566, 'NG', 'NGA', 'Nigeria', 'Nigéria'),
(159, 570, 'NU', 'NIU', 'Niue', 'Niué'),
(160, 574, 'NF', 'NFK', 'Norfolk Island', 'Île Norfolk'),
(161, 578, 'NO', 'NOR', 'Norway', 'Norvège'),
(162, 580, 'MP', 'MNP', 'Northern Mariana Islands', 'Îles Mariannes du Nord'),
(163, 581, 'UM', 'UMI', 'United States Minor Outlying Islands', 'Îles Mineures Éloignées des États-Unis'),
(164, 583, 'FM', 'FSM', 'Federated States of Micronesia', 'États Fédérés de Micronésie'),
(165, 584, 'MH', 'MHL', 'Marshall Islands', 'Îles Marshall'),
(166, 585, 'PW', 'PLW', 'Palau', 'Palaos'),
(167, 586, 'PK', 'PAK', 'Pakistan', 'Pakistan'),
(168, 591, 'PA', 'PAN', 'Panama', 'Panama'),
(169, 598, 'PG', 'PNG', 'Papua New Guinea', 'Papouasie-Nouvelle-Guinée'),
(170, 600, 'PY', 'PRY', 'Paraguay', 'Paraguay'),
(171, 604, 'PE', 'PER', 'Peru', 'Pérou'),
(172, 608, 'PH', 'PHL', 'Philippines', 'Philippines'),
(173, 612, 'PN', 'PCN', 'Pitcairn', 'Pitcairn'),
(174, 616, 'PL', 'POL', 'Poland', 'Pologne'),
(175, 620, 'PT', 'PRT', 'Portugal', 'Portugal'),
(176, 624, 'GW', 'GNB', 'Guinea-Bissau', 'Guinée-Bissau'),
(177, 626, 'TL', 'TLS', 'Timor-Leste', 'Timor-Leste'),
(178, 630, 'PR', 'PRI', 'Puerto Rico', 'Porto Rico'),
(179, 634, 'QA', 'QAT', 'Qatar', 'Qatar'),
(180, 638, 'RE', 'REU', 'Réunion', 'Réunion'),
(181, 642, 'RO', 'ROU', 'Romania', 'Roumanie'),
(182, 643, 'RU', 'RUS', 'Russian Federation', 'Fédération de Russie'),
(183, 646, 'RW', 'RWA', 'Rwanda', 'Rwanda'),
(184, 654, 'SH', 'SHN', 'Saint Helena', 'Sainte-Hélène'),
(185, 659, 'KN', 'KNA', 'Saint Kitts and Nevis', 'Saint-Kitts-et-Nevis'),
(186, 660, 'AI', 'AIA', 'Anguilla', 'Anguilla'),
(187, 662, 'LC', 'LCA', 'Saint Lucia', 'Sainte-Lucie'),
(188, 666, 'PM', 'SPM', 'Saint-Pierre and Miquelon', 'Saint-Pierre-et-Miquelon'),
(189, 670, 'VC', 'VCT', 'Saint Vincent and the Grenadines', 'Saint-Vincent-et-les Grenadines'),
(190, 674, 'SM', 'SMR', 'San Marino', 'Saint-Marin'),
(191, 678, 'ST', 'STP', 'Sao Tome and Principe', 'Sao Tomé-et-Principe'),
(192, 682, 'SA', 'SAU', 'Saudi Arabia', 'Arabie Saoudite'),
(193, 686, 'SN', 'SEN', 'Senegal', 'Sénégal'),
(194, 690, 'SC', 'SYC', 'Seychelles', 'Seychelles'),
(195, 694, 'SL', 'SLE', 'Sierra Leone', 'Sierra Leone'),
(196, 702, 'SG', 'SGP', 'Singapore', 'Singapour'),
(197, 703, 'SK', 'SVK', 'Slovakia', 'Slovaquie'),
(198, 704, 'VN', 'VNM', 'Vietnam', 'Viet Nam'),
(199, 705, 'SI', 'SVN', 'Slovenia', 'Slovénie'),
(200, 706, 'SO', 'SOM', 'Somalia', 'Somalie'),
(201, 710, 'ZA', 'ZAF', 'South Africa', 'Afrique du Sud'),
(202, 716, 'ZW', 'ZWE', 'Zimbabwe', 'Zimbabwe'),
(203, 724, 'ES', 'ESP', 'Spain', 'Espagne'),
(204, 732, 'EH', 'ESH', 'Western Sahara', 'Sahara Occidental'),
(205, 736, 'SD', 'SDN', 'Sudan', 'Soudan'),
(206, 740, 'SR', 'SUR', 'Suriname', 'Suriname'),
(207, 744, 'SJ', 'SJM', 'Svalbard and Jan Mayen', 'Svalbard etÎle Jan Mayen'),
(208, 748, 'SZ', 'SWZ', 'Swaziland', 'Swaziland'),
(209, 752, 'SE', 'SWE', 'Sweden', 'Suède'),
(210, 756, 'CH', 'CHE', 'Switzerland', 'Suisse'),
(211, 760, 'SY', 'SYR', 'Syrian Arab Republic', 'République Arabe Syrienne'),
(212, 762, 'TJ', 'TJK', 'Tajikistan', 'Tadjikistan'),
(213, 764, 'TH', 'THA', 'Thailand', 'Thaïlande'),
(214, 768, 'TG', 'TGO', 'Togo', 'Togo'),
(215, 772, 'TK', 'TKL', 'Tokelau', 'Tokelau'),
(216, 776, 'TO', 'TON', 'Tonga', 'Tonga'),
(217, 780, 'TT', 'TTO', 'Trinidad and Tobago', 'Trinité-et-Tobago'),
(218, 784, 'AE', 'ARE', 'United Arab Emirates', 'Émirats Arabes Unis'),
(219, 788, 'TN', 'TUN', 'Tunisia', 'Tunisie'),
(220, 792, 'TR', 'TUR', 'Turkey', 'Turquie'),
(221, 795, 'TM', 'TKM', 'Turkmenistan', 'Turkménistan'),
(222, 796, 'TC', 'TCA', 'Turks and Caicos Islands', 'Îles Turks et Caïques'),
(223, 798, 'TV', 'TUV', 'Tuvalu', 'Tuvalu'),
(224, 800, 'UG', 'UGA', 'Uganda', 'Ouganda'),
(225, 804, 'UA', 'UKR', 'Ukraine', 'Ukraine'),
(226, 807, 'MK', 'MKD', 'The Former Yugoslav Republic of Macedonia', 'L\'ex-République Yougoslave de Macédoine'),
(227, 818, 'EG', 'EGY', 'Egypt', 'Égypte'),
(228, 826, 'GB', 'GBR', 'United Kingdom', 'Royaume-Uni'),
(229, 833, 'IM', 'IMN', 'Isle of Man', 'Île de Man'),
(230, 834, 'TZ', 'TZA', 'United Republic Of Tanzania', 'République-Unie de Tanzanie'),
(231, 840, 'US', 'USA', 'United States', 'États-Unis'),
(232, 850, 'VI', 'VIR', 'U.S. Virgin Islands', 'Îles Vierges des États-Unis'),
(233, 854, 'BF', 'BFA', 'Burkina Faso', 'Burkina Faso'),
(234, 858, 'UY', 'URY', 'Uruguay', 'Uruguay'),
(235, 860, 'UZ', 'UZB', 'Uzbekistan', 'Ouzbékistan'),
(236, 862, 'VE', 'VEN', 'Venezuela', 'Venezuela'),
(237, 876, 'WF', 'WLF', 'Wallis and Futuna', 'Wallis et Futuna'),
(238, 882, 'WS', 'WSM', 'Samoa', 'Samoa'),
(239, 887, 'YE', 'YEM', 'Yemen', 'Yémen'),
(240, 891, 'CS', 'SCG', 'Serbia and Montenegro', 'Serbie-et-Monténégro'),
(241, 894, 'ZM', 'ZMB', 'Zambia', 'Zambie');

-- --------------------------------------------------------

--
-- Structure de la table `proformas`
--

DROP TABLE IF EXISTS `proformas`;
CREATE TABLE IF NOT EXISTS `proformas` (
  `id` int NOT NULL AUTO_INCREMENT,
  `code` varchar(255) NOT NULL,
  `DateCreation` varchar(255) NOT NULL,
  `DateValid` varchar(255) NOT NULL,
  `EmisPar` varchar(255) NOT NULL,
  `Client` varchar(255) NOT NULL,
  `projet` varchar(255) NOT NULL,
  `DelaiLivraison` varchar(255) NOT NULL,
  `PortDest` varchar(255) NOT NULL,
  `Engins` text NOT NULL,
  `Options` varchar(255) NOT NULL,
  `monnaie` varchar(255) NOT NULL,
  PRIMARY KEY (`id`) USING BTREE
) ENGINE=MyISAM AUTO_INCREMENT=26 DEFAULT CHARSET=utf8;

--
-- Déchargement des données de la table `proformas`
--

INSERT INTO `proformas` (`id`, `code`, `DateCreation`, `DateValid`, `EmisPar`, `Client`, `projet`, `DelaiLivraison`, `PortDest`, `Engins`, `Options`, `monnaie`) VALUES
(25, '01251120', '14/11/2020', '2020-12-06', 'Azeddine@integral.fr', 'AR14F', 'AR14F11202', '10', 'Djendjen', '(AC140/Postes Premium/Prime/100/1/Poste d\'enrobage Continu Ultra Mobile\r\nCapacité de Production : 140 T/heure à 3% d\'humidité\r\nInstallation Mobile sur Châssis composée de :\r\n3 Prédoseurs d\'une capacité chacune de 9 m3\r\nTambour sécheur Diamètre 1,8 m et Longueur 8,00 m\r\nBrûleur d\'uencapciteé de\r\nMalaxeur d\'une capcité de 3 Tonnes\r\nFiltre à Manches d\'une capacité de filtration de//1)', '(1/1/1/6/12/4//)', 'EURO'),
(24, '01241120', '14/11/2020', '2020-11-26', 'Azeddine@integral.fr', 'AR14F', 'AR14F11202', '10', 'Skikda', '(AC140/Postes Premium/Prime/100/1/Poste d\'enrobage Continu Ultra Mobile\r\nCapacité de Production : 140 T/heure à 3% d\'humidité\r\nInstallation Mobile sur Châssis composée de :\r\n3 Prédoseurs d\'une capacité chacune de 9 m3\r\nTambour sécheur Diamètre 1,8 m et Longueur 8,00 m\r\nBrûleur d\'uencapciteé de\r\nMalaxeur d\'une capcité de 3 Tonnes\r\nFiltre à Manches d\'une capacité de filtration de//1)', '(1/1/2/1/2/4//)', 'EURO'),
(23, '01231120', '11/11/2020', '2020-11-24', 'Azeddine@integral.fr', 'AR14F', 'AR14F11202', '4', 'Oran', '(AC140/Postes Premium/Prime/100/1/Poste d\'enrobage Continu Ultra Mobile\r\nCapacité de Production : 140 T/heure à 3% d\'humidité\r\nInstallation Mobile sur Châssis composée de :\r\n3 Prédoseurs d\'une capacité chacune de 9 m3\r\nTambour sécheur Diamètre 1,8 m et Longueur 8,00 m\r\nBrûleur d\'uencapciteé de\r\nMalaxeur d\'une capcité de 3 Tonnes\r\nFiltre à Manches d\'une capacité de filtration de//1)', '(1/1/1/1/1/1//)', 'EURO'),
(19, '01191020', '16/10/2020', '2020-10-04', 'Azeddine@integral.fr', 'TE25E', 'T8456', '9', 'Oran', '(AC140/Postes Premium/Prime/100/1/Poste d\'enrobage Continu Ultra Mobile\r\nCapacité de Production : 140 T/heure à 3% d\'humidité\r\nInstallation Mobile sur Châssis composée de :\r\n3 Prédoseurs d\'une capacité chacune de 9 m3\r\nTambour sécheur Diamètre 1,8 m et Longueur 8,00 m\r\nBrûleur d\'uencapciteé de\r\nMalaxeur d\'une capcité de 3 Tonnes\r\nFiltre à Manches d\'une capacité de filtration de//3)', '(1/0/1/0/0/0//)', 'EURO'),
(20, '01201020', '30/10/2020', '', 'Azeddine@integral.fr', 'TE25E', 'T8456', '', '', '(AC140/Postes Premium/Prime/100/1/Poste d\'enrobage Continu Ultra Mobile\r\nCapacité de Production : 140 T/heure à 3% d\'humidité\r\nInstallation Mobile sur Châssis composée de :\r\n3 Prédoseurs d\'une capacité chacune de 9 m3\r\nTambour sécheur Diamètre 1,8 m et Longueur 8,00 m\r\nBrûleur d\'uencapciteé de\r\nMalaxeur d\'une capcité de 3 Tonnes\r\nFiltre à Manches d\'une capacité de filtration de//4)', '(2/0/0/2/0/0//)', ''),
(21, '01211020', '30/10/2020', '', 'Azeddine@integral.fr', 'AR14F', 'T8456', '', 'Alger', '(AC140/Postes Premium/Prime/100/1/Poste d\'enrobage Continu Ultra Mobile\r\nCapacité de Production : 140 T/heure à 3% d\'humidité\r\nInstallation Mobile sur Châssis composée de :\r\n3 Prédoseurs d\'une capacité chacune de 9 m3\r\nTambour sécheur Diamètre 1,8 m et Longueur 8,00 m\r\nBrûleur d\'uencapciteé de\r\nMalaxeur d\'une capcité de 3 Tonnes\r\nFiltre à Manches d\'une capacité de filtration de//5)', '(0/2/0/0/0/0//)', 'EURO'),
(22, '01221020', '31/10/2020', '', 'Azeddine@integral.fr', 'TE25E', 'T8456', '', 'Alger', '(AC140/Postes Premium/Prime/100/1/Poste d\'enrobage Continu Ultra Mobile\r\nCapacité de Production : 140 T/heure à 3% d\'humidité\r\nInstallation Mobile sur Châssis composée de :\r\n3 Prédoseurs d\'une capacité chacune de 9 m3\r\nTambour sécheur Diamètre 1,8 m et Longueur 8,00 m\r\nBrûleur d\'uencapciteé de\r\nMalaxeur d\'une capcité de 3 Tonnes\r\nFiltre à Manches d\'une capacité de filtration de//3)', '(0/2/0/1/0/0//)', 'EURO');

-- --------------------------------------------------------

--
-- Structure de la table `projets`
--

DROP TABLE IF EXISTS `projets`;
CREATE TABLE IF NOT EXISTS `projets` (
  `id` int NOT NULL AUTO_INCREMENT,
  `user` varchar(255) NOT NULL,
  `nom` varchar(255) NOT NULL,
  `code` varchar(255) NOT NULL,
  `client` varchar(255) NOT NULL,
  `bft` varchar(255) NOT NULL,
  `dateCreation` varchar(255) NOT NULL,
  `description` text NOT NULL,
  `etat` varchar(255) NOT NULL,
  `montant` varchar(255) NOT NULL,
  `objectif` text NOT NULL,
  `offre` varchar(255) NOT NULL,
  `avancement` decimal(65,1) NOT NULL,
  `concurrence` varchar(255) NOT NULL,
  PRIMARY KEY (`id`)
) ENGINE=MyISAM AUTO_INCREMENT=7 DEFAULT CHARSET=utf8;

--
-- Déchargement des données de la table `projets`
--

INSERT INTO `projets` (`id`, `user`, `nom`, `code`, `client`, `bft`, `dateCreation`, `description`, `etat`, `montant`, `objectif`, `offre`, `avancement`, `concurrence`) VALUES
(1, 'Azeddine@integral.fr', 'Test', 'T8456', 'TE25E', '0/0/0', '08/11/2020', 'projet test à ne pas prendre en compte\r\naujourd\'hui', 'Nég', '', '', 'offre', '0.0', 'TEREX/BOMAG/HALFA'),
(2, 'Azeddine@integral.fr', 'Vente compacteur', 'AR14F11202', 'AR14F', '1/2/1', '11/11/2020', '', 'Demande', '', '', 'offre', '0.0', '//'),
(3, 'Azeddine@integral.fr', 'STATION CONCASSAGE', 'YC05R11203', 'YC05R', '1/1/1', '14/11/2020', 'TEST POUR UNE STATION DE CONCASSAGE ', 'Nég', '', '', 'offre', '0.0', 'TEREX/BOMAG/HALFA'),
(4, 'Azeddine@integral.fr', 'POSTE ENROBAGE', 'YC05R11204', 'YC05R', '2/2/2', '14/11/2020', 'POSTE ENROBAGE POUR SOCIETE BATNIA\r\nPOSTE DISCONTINU MODELE VALUETEC 180 T/HEURE\r\nBESOIN A MOYEN TERME\r\nFINANCES MOYENNES DE LA SOCIETE', 'Offre', '', '', 'offre', '0.0', '//'),
(5, 'Azeddine@integral.fr', 'COMPACTEUR AP240', 'FH56C12205', 'FH56C', '2/1/1', '24/12/2020', '', '0', '', '', '', '0.0', ''),
(6, 'Azeddine@integral.fr', 'Test', 'FH56C01216', 'FH56C', '1/2/2', '16/01/2021', '', '', '', '', '', '0.0', '');

-- --------------------------------------------------------

--
-- Structure de la table `rapports`
--

DROP TABLE IF EXISTS `rapports`;
CREATE TABLE IF NOT EXISTS `rapports` (
  `id` int NOT NULL AUTO_INCREMENT,
  `code` varchar(255) NOT NULL,
  `num` int NOT NULL,
  `projet` varchar(255) NOT NULL,
  `commandes` text NOT NULL,
  `visitesClient` text NOT NULL,
  `offres` text NOT NULL,
  `remarques` text NOT NULL,
  PRIMARY KEY (`id`)
) ENGINE=MyISAM AUTO_INCREMENT=3 DEFAULT CHARSET=utf8;

--
-- Déchargement des données de la table `rapports`
--

INSERT INTO `rapports` (`id`, `code`, `num`, `projet`, `commandes`, `visitesClient`, `offres`, `remarques`) VALUES
(2, '011AR14F11202', 1, 'T8456', 'pk pas', 'yeah', 'salam', 'oui');

-- --------------------------------------------------------

--
-- Structure de la table `wilaya`
--

DROP TABLE IF EXISTS `wilaya`;
CREATE TABLE IF NOT EXISTS `wilaya` (
  `id` int NOT NULL AUTO_INCREMENT,
  `nom` varchar(50) NOT NULL,
  PRIMARY KEY (`id`)
) ENGINE=MyISAM AUTO_INCREMENT=49 DEFAULT CHARSET=utf8;

--
-- Déchargement des données de la table `wilaya`
--

INSERT INTO `wilaya` (`id`, `nom`) VALUES
(1, 'ADRAR'),
(2, 'CHLEF'),
(3, 'LAGHOUAT'),
(4, 'OUM EL BOUAGHI'),
(5, 'BATNA'),
(6, 'BEJAIA'),
(7, 'BISKRA'),
(8, 'BECHAR'),
(9, 'BLIDA'),
(10, 'BOUIRA'),
(11, 'TAMENRASSET'),
(12, 'TEBESSA'),
(13, 'TLEMCEN'),
(14, 'TIARET'),
(15, 'TIZI OUZOU'),
(16, 'ALGER'),
(17, 'DJELFA'),
(18, 'JIJEL'),
(19, 'SETIF'),
(20, 'SAIDA'),
(21, 'SKIKDA'),
(22, 'SIDI BEL ABBES'),
(23, 'ANNABA'),
(24, 'GUELMA'),
(25, 'CONSTANTINE'),
(26, 'MEDEA'),
(27, 'MOSTAGANEM'),
(28, 'M\'SILA'),
(29, 'MASCARA'),
(30, 'OUARGLA'),
(31, 'ORAN'),
(32, 'EL BAYED'),
(33, 'ILLIZI'),
(34, 'BORDJ BOU ARRERIDJ'),
(35, 'BOUMERDES'),
(36, 'EL TAREF'),
(37, 'TINDOUF'),
(38, 'TISSEMSILT'),
(39, 'EL OUED'),
(40, 'KHENCHELA'),
(41, 'SOUK AHRAS'),
(42, 'TIPAZA'),
(43, 'MILA'),
(44, 'AIN DEFLA'),
(45, 'NAAMA'),
(46, 'AIN TIMOUCHENT'),
(47, 'GHARDAIA'),
(48, 'RELIZANE');
COMMIT;

/*!40101 SET CHARACTER_SET_CLIENT=@OLD_CHARACTER_SET_CLIENT */;
/*!40101 SET CHARACTER_SET_RESULTS=@OLD_CHARACTER_SET_RESULTS */;
/*!40101 SET COLLATION_CONNECTION=@OLD_COLLATION_CONNECTION */;
